{
	"textures": {
		"0": "animated_java:blueprint/pot/pot",
		"particle": "minecraft:item/pufferfish"
	},
	"display": {
		"head": {
			"rotation": [0, 180, 0]
		}
	},
	"elements": [
		{
			"from": [9, -0.16667, 4],
			"to": [13, 4.83333, 8],
			"rotation": {
				"angle": -22.5,
				"axis": "y",
				"origin": [11, 4.33333, 6]
			},
			"faces": {
				"north": {
					"uv": [0.1, 1.5, 2.1, 4],
					"texture": "#0"
				},
				"east": {
					"uv": [3, 1.5, 5, 4],
					"texture": "#0"
				},
				"south": {
					"uv": [0.1, 6, 2.1, 8.5],
					"texture": "#0"
				},
				"west": {
					"uv": [3.05, 6, 5.05, 8.5],
					"texture": "#0"
				},
				"up": {
					"uv": [9, 9, 6, 6],
					"texture": "#0"
				},
				"down": {
					"uv": [3, 9, 0, 12],
					"texture": "#0"
				}
			}
		},
		{
			"from": [10, 4.83333, 5],
			"to": [12, 5.83333, 7],
			"rotation": {
				"angle": -22.5,
				"axis": "y",
				"origin": [11, 4.33333, 6]
			},
			"faces": {
				"north": {
					"uv": [9, 5.5, 10, 6],
					"texture": "#0"
				},
				"east": {
					"uv": [6, 9, 7, 9.5],
					"texture": "#0"
				},
				"south": {
					"uv": [9, 6, 10, 6.5],
					"texture": "#0"
				},
				"west": {
					"uv": [9, 6.5, 10, 7],
					"texture": "#0"
				},
				"up": {
					"uv": [10, 1, 9, 0],
					"texture": "#0"
				},
				"down": {
					"uv": [10, 2, 9, 3],
					"texture": "#0"
				}
			}
		},
		{
			"from": [9, 5.83333, 4],
			"to": [13, 6.83333, 8],
			"rotation": {
				"angle": -22.5,
				"axis": "y",
				"origin": [11, 4.33333, 6]
			},
			"faces": {
				"north": {
					"uv": [3, 9, 5, 9.5],
					"texture": "#0"
				},
				"east": {
					"uv": [9, 4, 11, 4.5],
					"texture": "#0"
				},
				"south": {
					"uv": [9, 4.5, 11, 5],
					"texture": "#0"
				},
				"west": {
					"uv": [9, 5, 11, 5.5],
					"texture": "#0"
				},
				"up": {
					"uv": [14, 2, 12, 0],
					"texture": "#0"
				},
				"down": {
					"uv": [14, 3, 12, 5],
					"texture": "#0"
				}
			}
		}
	]
}