{
	"textures": {
		"0": "animated_java:blueprint/door/door",
		"particle": "minecraft:item/pufferfish"
	},
	"display": {
		"head": {
			"rotation": [0, 180, 0]
		}
	},
	"elements": [
		{
			"from": [7.625, 8, 7.4375],
			"to": [8.375, 32, 7.8125],
			"rotation": {
				"angle": 0,
				"axis": "y",
				"origin": [-0.625, 8, 7.4375]
			},
			"faces": {
				"north": {
					"uv": [3.5, 8, 3.75, 16],
					"texture": "#0"
				},
				"east": {
					"uv": [6, 8, 6.125, 16],
					"texture": "#0"
				},
				"south": {
					"uv": [3.75, 8, 4, 16],
					"texture": "#0"
				},
				"west": {
					"uv": [6.125, 8, 6.25, 16],
					"texture": "#0"
				},
				"up": {
					"uv": [9.375, 5.25, 9.125, 5.125],
					"texture": "#0"
				},
				"down": {
					"uv": [9.375, 5.25, 9.125, 5.375],
					"texture": "#0"
				}
			}
		},
		{
			"from": [-0.625, 8, 7.4375],
			"to": [0.125, 32, 7.8125],
			"rotation": {
				"angle": 0,
				"axis": "y",
				"origin": [-8.875, 8, 7.4375]
			},
			"faces": {
				"north": {
					"uv": [4, 8, 4.25, 16],
					"texture": "#0"
				},
				"east": {
					"uv": [6.25, 8, 6.375, 16],
					"texture": "#0"
				},
				"south": {
					"uv": [4.25, 8, 4.5, 16],
					"texture": "#0"
				},
				"west": {
					"uv": [6.375, 8, 6.5, 16],
					"texture": "#0"
				},
				"up": {
					"uv": [9.375, 5.5, 9.125, 5.375],
					"texture": "#0"
				},
				"down": {
					"uv": [9.375, 6.5, 9.125, 6.625],
					"texture": "#0"
				}
			}
		},
		{
			"from": [0.125, 31.25, 7.4375],
			"to": [7.625, 32, 7.8125],
			"rotation": {
				"angle": 0,
				"axis": "y",
				"origin": [-0.625, 8, 7.4375]
			},
			"faces": {
				"north": {
					"uv": [9, 0, 11.5, 0.25],
					"texture": "#0"
				},
				"east": {
					"uv": [9.125, 6.625, 9.25, 6.875],
					"texture": "#0"
				},
				"south": {
					"uv": [9, 0.25, 11.5, 0.5],
					"texture": "#0"
				},
				"west": {
					"uv": [9.125, 6.875, 9.25, 7.125],
					"texture": "#0"
				},
				"up": {
					"uv": [11.5, 2.125, 9, 2],
					"texture": "#0"
				},
				"down": {
					"uv": [11.5, 2.125, 9, 2.25],
					"texture": "#0"
				}
			}
		},
		{
			"from": [0.125, 8, 7.4375],
			"to": [7.625, 8.75, 7.8125],
			"rotation": {
				"angle": 0,
				"axis": "y",
				"origin": [-0.625, -15.25, 7.4375]
			},
			"faces": {
				"north": {
					"uv": [9, 0.5, 11.5, 0.75],
					"texture": "#0"
				},
				"east": {
					"uv": [7.125, 9.125, 7.25, 9.375],
					"texture": "#0"
				},
				"south": {
					"uv": [9, 0.75, 11.5, 1],
					"texture": "#0"
				},
				"west": {
					"uv": [9.125, 7.125, 9.25, 7.375],
					"texture": "#0"
				},
				"up": {
					"uv": [11.5, 2.375, 9, 2.25],
					"texture": "#0"
				},
				"down": {
					"uv": [11.5, 2.375, 9, 2.5],
					"texture": "#0"
				}
			}
		},
		{
			"from": [-0.625, 8, 7.8125],
			"to": [8.375, 32, 8.5625],
			"faces": {
				"north": {
					"uv": [0, 0, 3, 8],
					"texture": "#0"
				},
				"east": {
					"uv": [3, 8, 3.25, 16],
					"texture": "#0"
				},
				"south": {
					"uv": [3, 0, 6, 8],
					"texture": "#0"
				},
				"west": {
					"uv": [3.25, 8, 3.5, 16],
					"texture": "#0"
				},
				"up": {
					"uv": [10, 8.25, 7, 8],
					"texture": "#0"
				},
				"down": {
					"uv": [10, 8.25, 7, 8.5],
					"texture": "#0"
				}
			}
		}
	]
}