{
	"textures": {
		"0": "animated_java:blueprint/door/door",
		"particle": "minecraft:item/pufferfish"
	},
	"display": {
		"head": {
			"rotation": [0, 180, 0]
		}
	},
	"elements": [
		{
			"from": [9, 3, 7],
			"to": [10, 7, 8],
			"rotation": {
				"angle": 0,
				"axis": "y",
				"origin": [-13, -24, 7]
			},
			"faces": {
				"north": {
					"uv": [9, 3.5, 9.125, 4],
					"texture": "#0"
				},
				"east": {
					"uv": [9, 4, 9.125, 4.5],
					"texture": "#0"
				},
				"south": {
					"uv": [9, 4.5, 9.125, 5],
					"texture": "#0"
				},
				"west": {
					"uv": [9, 5, 9.125, 5.5],
					"texture": "#0"
				},
				"up": {
					"uv": [9.25, 9.25, 9.125, 9.125],
					"texture": "#0"
				},
				"down": {
					"uv": [9.375, 3.625, 9.25, 3.75],
					"texture": "#0"
				}
			}
		},
		{
			"from": [6, 2, 7],
			"to": [10, 3, 8],
			"rotation": {
				"angle": 0,
				"axis": "y",
				"origin": [-14, -25, 7]
			},
			"faces": {
				"north": {
					"uv": [9, 5.5, 9.5, 5.625],
					"texture": "#0"
				},
				"east": {
					"uv": [9.25, 3.75, 9.375, 3.875],
					"texture": "#0"
				},
				"south": {
					"uv": [9, 5.625, 9.5, 5.75],
					"texture": "#0"
				},
				"west": {
					"uv": [9.25, 3.875, 9.375, 4],
					"texture": "#0"
				},
				"up": {
					"uv": [9.5, 5.875, 9, 5.75],
					"texture": "#0"
				},
				"down": {
					"uv": [9.5, 5.875, 9, 6],
					"texture": "#0"
				}
			}
		},
		{
			"from": [6, 3, 7],
			"to": [7, 7, 8],
			"rotation": {
				"angle": 0,
				"axis": "y",
				"origin": [-16, -24, 7]
			},
			"faces": {
				"north": {
					"uv": [9, 6, 9.125, 6.5],
					"texture": "#0"
				},
				"east": {
					"uv": [9, 6.5, 9.125, 7],
					"texture": "#0"
				},
				"south": {
					"uv": [7, 9, 7.125, 9.5],
					"texture": "#0"
				},
				"west": {
					"uv": [9, 7, 9.125, 7.5],
					"texture": "#0"
				},
				"up": {
					"uv": [9.375, 4.125, 9.25, 4],
					"texture": "#0"
				},
				"down": {
					"uv": [9.375, 4.125, 9.25, 4.25],
					"texture": "#0"
				}
			}
		},
		{
			"from": [6, 7, 7],
			"to": [10, 8, 8],
			"rotation": {
				"angle": 0,
				"axis": "y",
				"origin": [-14, -20, 7]
			},
			"faces": {
				"north": {
					"uv": [9, 3, 9.5, 3.125],
					"texture": "#0"
				},
				"east": {
					"uv": [9, 9.125, 9.125, 9.25],
					"texture": "#0"
				},
				"south": {
					"uv": [9, 3.125, 9.5, 3.25],
					"texture": "#0"
				},
				"west": {
					"uv": [9.125, 9, 9.25, 9.125],
					"texture": "#0"
				},
				"up": {
					"uv": [9.5, 3.375, 9, 3.25],
					"texture": "#0"
				},
				"down": {
					"uv": [9.5, 3.375, 9, 3.5],
					"texture": "#0"
				}
			}
		}
	]
}