{
	"textures": {
		"0": "animated_java:blueprint/door/door",
		"particle": "minecraft:item/pufferfish"
	},
	"display": {
		"head": {
			"rotation": [0, 180, 0]
		}
	},
	"elements": [
		{
			"from": [7.625, 8, 7.8125],
			"to": [16.625, 32, 8.5625],
			"faces": {
				"north": {
					"uv": [6, 0, 9, 8],
					"texture": "#0"
				},
				"east": {
					"uv": [4.5, 8, 4.75, 16],
					"texture": "#0"
				},
				"south": {
					"uv": [0, 8, 3, 16],
					"texture": "#0"
				},
				"west": {
					"uv": [4.75, 8, 5, 16],
					"texture": "#0"
				},
				"up": {
					"uv": [10, 8.75, 7, 8.5],
					"texture": "#0"
				},
				"down": {
					"uv": [10, 8.75, 7, 9],
					"texture": "#0"
				}
			}
		},
		{
			"from": [8.375, 8, 7.4375],
			"to": [15.875, 8.75, 7.8125],
			"rotation": {
				"angle": 0,
				"axis": "y",
				"origin": [16.625, -15.25, 7.4375]
			},
			"faces": {
				"north": {
					"uv": [9, 1.5, 11.5, 1.75],
					"texture": "#0"
				},
				"east": {
					"uv": [8.75, 9.125, 8.875, 9.375],
					"texture": "#0"
				},
				"south": {
					"uv": [9, 1.75, 11.5, 2],
					"texture": "#0"
				},
				"west": {
					"uv": [8.875, 9.125, 9, 9.375],
					"texture": "#0"
				},
				"up": {
					"uv": [11.5, 2.875, 9, 2.75],
					"texture": "#0"
				},
				"down": {
					"uv": [11.5, 2.875, 9, 3],
					"texture": "#0"
				}
			}
		},
		{
			"from": [8.375, 31.25, 7.4375],
			"to": [15.875, 32, 7.8125],
			"rotation": {
				"angle": 0,
				"axis": "y",
				"origin": [16.625, 8, 7.4375]
			},
			"faces": {
				"north": {
					"uv": [9, 1, 11.5, 1.25],
					"texture": "#0"
				},
				"east": {
					"uv": [8, 9.125, 8.125, 9.375],
					"texture": "#0"
				},
				"south": {
					"uv": [9, 1.25, 11.5, 1.5],
					"texture": "#0"
				},
				"west": {
					"uv": [8.625, 9.125, 8.75, 9.375],
					"texture": "#0"
				},
				"up": {
					"uv": [11.5, 2.625, 9, 2.5],
					"texture": "#0"
				},
				"down": {
					"uv": [11.5, 2.625, 9, 2.75],
					"texture": "#0"
				}
			}
		},
		{
			"from": [15.875, 8, 7.4375],
			"to": [16.625, 32, 7.8125],
			"rotation": {
				"angle": 0,
				"axis": "y",
				"origin": [24.875, 8, 7.4375]
			},
			"faces": {
				"north": {
					"uv": [5.5, 8, 5.75, 16],
					"texture": "#0"
				},
				"east": {
					"uv": [6.75, 8, 6.875, 16],
					"texture": "#0"
				},
				"south": {
					"uv": [5.75, 8, 6, 16],
					"texture": "#0"
				},
				"west": {
					"uv": [6.875, 8, 7, 16],
					"texture": "#0"
				},
				"up": {
					"uv": [7.75, 9.25, 7.5, 9.125],
					"texture": "#0"
				},
				"down": {
					"uv": [8, 9.125, 7.75, 9.25],
					"texture": "#0"
				}
			}
		},
		{
			"from": [7.625, 8, 7.4375],
			"to": [8.375, 32, 7.8125],
			"rotation": {
				"angle": 0,
				"axis": "y",
				"origin": [16.625, 8, 7.4375]
			},
			"faces": {
				"north": {
					"uv": [5, 8, 5.25, 16],
					"texture": "#0"
				},
				"east": {
					"uv": [6.5, 8, 6.625, 16],
					"texture": "#0"
				},
				"south": {
					"uv": [5.25, 8, 5.5, 16],
					"texture": "#0"
				},
				"west": {
					"uv": [6.625, 8, 6.75, 16],
					"texture": "#0"
				},
				"up": {
					"uv": [7.5, 9.25, 7.25, 9.125],
					"texture": "#0"
				},
				"down": {
					"uv": [9.375, 7.375, 9.125, 7.5],
					"texture": "#0"
				}
			}
		}
	]
}