{
	"textures": {
		"0": "animated_java:blueprint/door/door",
		"particle": "minecraft:item/pufferfish"
	},
	"display": {
		"head": {
			"rotation": [0, 180, 0]
		}
	},
	"elements": [
		{
			"from": [6, 2, 7],
			"to": [10, 3, 8],
			"rotation": {
				"angle": 0,
				"axis": "y",
				"origin": [30, -25, 7]
			},
			"faces": {
				"north": {
					"uv": [9, 7.75, 9.5, 7.875],
					"texture": "#0"
				},
				"east": {
					"uv": [9.25, 4.75, 9.375, 4.875],
					"texture": "#0"
				},
				"south": {
					"uv": [9, 7.875, 9.5, 8],
					"texture": "#0"
				},
				"west": {
					"uv": [9.25, 4.875, 9.375, 5],
					"texture": "#0"
				},
				"up": {
					"uv": [9.125, 9.125, 8.625, 9],
					"texture": "#0"
				},
				"down": {
					"uv": [9.625, 3.5, 9.125, 3.625],
					"texture": "#0"
				}
			}
		},
		{
			"from": [9, 3, 7],
			"to": [10, 7, 8],
			"rotation": {
				"angle": 0,
				"axis": "y",
				"origin": [32, -24, 7]
			},
			"faces": {
				"north": {
					"uv": [9.125, 3.625, 9.25, 4.125],
					"texture": "#0"
				},
				"east": {
					"uv": [9.125, 4.125, 9.25, 4.625],
					"texture": "#0"
				},
				"south": {
					"uv": [9.125, 4.625, 9.25, 5.125],
					"texture": "#0"
				},
				"west": {
					"uv": [9.125, 6, 9.25, 6.5],
					"texture": "#0"
				},
				"up": {
					"uv": [9.375, 5.125, 9.25, 5],
					"texture": "#0"
				},
				"down": {
					"uv": [9.375, 6, 9.25, 6.125],
					"texture": "#0"
				}
			}
		},
		{
			"from": [6, 3, 7],
			"to": [7, 7, 8],
			"rotation": {
				"angle": 0,
				"axis": "y",
				"origin": [29, -24, 7]
			},
			"faces": {
				"north": {
					"uv": [8.125, 9, 8.25, 9.5],
					"texture": "#0"
				},
				"east": {
					"uv": [8.25, 9, 8.375, 9.5],
					"texture": "#0"
				},
				"south": {
					"uv": [8.375, 9, 8.5, 9.5],
					"texture": "#0"
				},
				"west": {
					"uv": [8.5, 9, 8.625, 9.5],
					"texture": "#0"
				},
				"up": {
					"uv": [9.375, 4.625, 9.25, 4.5],
					"texture": "#0"
				},
				"down": {
					"uv": [9.375, 4.625, 9.25, 4.75],
					"texture": "#0"
				}
			}
		},
		{
			"from": [6, 7, 7],
			"to": [10, 8, 8],
			"rotation": {
				"angle": 0,
				"axis": "y",
				"origin": [30, -20, 7]
			},
			"faces": {
				"north": {
					"uv": [7.125, 9, 7.625, 9.125],
					"texture": "#0"
				},
				"east": {
					"uv": [9.25, 4.25, 9.375, 4.375],
					"texture": "#0"
				},
				"south": {
					"uv": [9, 7.5, 9.5, 7.625],
					"texture": "#0"
				},
				"west": {
					"uv": [9.25, 4.375, 9.375, 4.5],
					"texture": "#0"
				},
				"up": {
					"uv": [8.125, 9.125, 7.625, 9],
					"texture": "#0"
				},
				"down": {
					"uv": [9.5, 7.625, 9, 7.75],
					"texture": "#0"
				}
			}
		}
	]
}