{
	"format_version": "1.9.0",
	"credit": "Made with Blockbench",
	"texture_size": [32, 32],
	"textures": {
		"1": "custom/items/butcher_knife",
		"particle": "custom/items/butcher_knife"
	},
	"elements": [
		{
			"from": [7, 0, 7],
			"to": [9, 5, 9],
			"rotation": {"angle": 0, "axis": "y", "origin": [9, 0, 7]},
			"faces": {
				"north": {"uv": [2, 3.5, 3, 6], "texture": "#1"},
				"east": {"uv": [3, 3.5, 4, 6], "texture": "#1"},
				"south": {"uv": [4, 0, 5, 2.5], "texture": "#1"},
				"west": {"uv": [4, 2.5, 5, 5], "texture": "#1"},
				"up": {"uv": [6.5, 2.5, 5.5, 1.5], "texture": "#1"},
				"down": {"uv": [6.5, 2.5, 5.5, 3.5], "texture": "#1"}
			}
		},
		{
			"from": [7.5, 6, 7],
			"to": [8.5, 15, 9],
			"rotation": {"angle": 0, "axis": "y", "origin": [9, 6, 7]},
			"faces": {
				"north": {"uv": [1.5, 4.5, 2, 9], "texture": "#1"},
				"east": {"uv": [0, 0, 1, 4.5], "texture": "#1"},
				"south": {"uv": [5, 1.5, 5.5, 6], "texture": "#1"},
				"west": {"uv": [1, 0, 2, 4.5], "texture": "#1"},
				"up": {"uv": [1.5, 7, 1, 6], "texture": "#1"},
				"down": {"uv": [4, 6, 3.5, 7], "texture": "#1"}
			}
		},
		{
			"from": [7.5, 8, 5],
			"to": [8.5, 15, 7],
			"rotation": {"angle": 0, "axis": "y", "origin": [9, 6, 5]},
			"faces": {
				"north": {"uv": [4, 5, 4.5, 8.5], "texture": "#1"},
				"east": {"uv": [2, 0, 3, 3.5], "texture": "#1"},
				"south": {"uv": [4.5, 5, 5, 8.5], "texture": "#1"},
				"west": {"uv": [3, 0, 4, 3.5], "texture": "#1"},
				"up": {"uv": [5.5, 7, 5, 6], "texture": "#1"},
				"down": {"uv": [6.5, 5, 6, 6], "texture": "#1"}
			}
		},
		{
			"from": [7.5, 11, 9],
			"to": [8.5, 15, 10],
			"rotation": {"angle": 0, "axis": "y", "origin": [9, 6, 9]},
			"faces": {
				"north": {"uv": [5.5, 3.5, 6, 5.5], "texture": "#1"},
				"east": {"uv": [5.5, 5.5, 6, 7.5], "texture": "#1"},
				"south": {"uv": [0, 6, 0.5, 8], "texture": "#1"},
				"west": {"uv": [0.5, 6, 1, 8], "texture": "#1"},
				"up": {"uv": [6.5, 6.5, 6, 6], "texture": "#1"},
				"down": {"uv": [7, 0, 6.5, 0.5], "texture": "#1"}
			}
		},
		{
			"from": [6.5, 5, 6.5],
			"to": [9.5, 6, 9.5],
			"rotation": {"angle": 0, "axis": "y", "origin": [9, 5, 7]},
			"faces": {
				"north": {"uv": [2, 6, 3.5, 6.5], "texture": "#1"},
				"east": {"uv": [6, 3.5, 7.5, 4], "texture": "#1"},
				"south": {"uv": [6, 4, 7.5, 4.5], "texture": "#1"},
				"west": {"uv": [6, 4.5, 7.5, 5], "texture": "#1"},
				"up": {"uv": [1.5, 6, 0, 4.5], "texture": "#1"},
				"down": {"uv": [6.5, 0, 5, 1.5], "texture": "#1"}
			}
		}
	],
	"display": {
		"thirdperson_righthand": {
			"translation": [0, 4.25, 1.5]
		},
		"thirdperson_lefthand": {
			"translation": [0, 4.25, 1.5]
		},
		"firstperson_righthand": {
			"rotation": [5.5, 0, 0],
			"translation": [0, 4.5, 3],
			"scale": [0.5, 0.5, 0.5]
		},
		"firstperson_lefthand": {
			"rotation": [5.5, 0, 0],
			"translation": [0, 4.5, 3],
			"scale": [0.5, 0.5, 0.5]
		},
		"ground": {
			"translation": [0, 6.75, 0]
		},
		"gui": {
			"rotation": [110.57, 44.7, -124.27]
		},
		"head": {
			"rotation": [-101.09, 39.21, -72.8],
			"translation": [-8.5, 13, 0],
			"scale": [1.5, 1.5, 1.5]
		}
	}
}