{
	"format_version": "1.9.0",
	"credit": "Made with Blockbench",
	"texture_size": [64, 64],
	"textures": {
		"0": "custom/items/greatsword",
		"particle": "custom/items/greatsword"
	},
	"elements": [
		{
			"from": [6.5, -16, 6.5],
			"to": [9.5, -15, 9.5],
			"rotation": {"angle": -45, "axis": "y", "origin": [8, -15.5, 8]},
			"faces": {
				"north": {"uv": [2, 9.5, 2.75, 9.75], "texture": "#0"},
				"east": {"uv": [2.75, 9.5, 3.5, 9.75], "texture": "#0"},
				"south": {"uv": [9.5, 5, 10.25, 5.25], "texture": "#0"},
				"west": {"uv": [9.5, 5.25, 10.25, 5.5], "texture": "#0"},
				"up": {"uv": [1.75, 9.5, 1, 8.75], "texture": "#0"},
				"down": {"uv": [2.5, 8.75, 1.75, 9.5], "texture": "#0"}
			}
		},
		{
			"from": [6.5, -11, 6.5],
			"to": [9.5, -10, 9.5],
			"rotation": {"angle": -45, "axis": "y", "origin": [8, -10.5, 8]},
			"faces": {
				"north": {"uv": [9.5, 6, 10.25, 6.25], "texture": "#0"},
				"east": {"uv": [9.5, 6.25, 10.25, 6.5], "texture": "#0"},
				"south": {"uv": [9.5, 6.5, 10.25, 6.75], "texture": "#0"},
				"west": {"uv": [9.5, 6.75, 10.25, 7], "texture": "#0"},
				"up": {"uv": [3.25, 9.5, 2.5, 8.75], "texture": "#0"},
				"down": {"uv": [4, 8.75, 3.25, 9.5], "texture": "#0"}
			}
		},
		{
			"from": [7, -15, 7],
			"to": [9, -11, 9],
			"rotation": {"angle": 0, "axis": "y", "origin": [7, -15, 7]},
			"faces": {
				"north": {"uv": [4, 8.75, 4.5, 9.75], "texture": "#0"},
				"east": {"uv": [4.5, 8.75, 5, 9.75], "texture": "#0"},
				"south": {"uv": [6, 8.75, 6.5, 9.75], "texture": "#0"},
				"west": {"uv": [7.5, 8.75, 8, 9.75], "texture": "#0"},
				"up": {"uv": [5.5, 9.5, 5, 9], "texture": "#0"},
				"down": {"uv": [9.5, 5, 9, 5.5], "texture": "#0"}
			}
		},
		{
			"from": [1, -10, 7],
			"to": [15, -9, 9],
			"rotation": {"angle": 0, "axis": "y", "origin": [7, -10, 7]},
			"faces": {
				"north": {"uv": [7.75, 5.5, 11.25, 5.75], "texture": "#0"},
				"east": {"uv": [3.5, 9.5, 4, 9.75], "texture": "#0"},
				"south": {"uv": [7.75, 5.75, 11.25, 6], "texture": "#0"},
				"west": {"uv": [5, 9.5, 5.5, 9.75], "texture": "#0"},
				"up": {"uv": [10, 3, 6.5, 2.5], "texture": "#0"},
				"down": {"uv": [10, 3, 6.5, 3.5], "texture": "#0"}
			}
		},
		{
			"from": [5, -9, 7],
			"to": [11, -4, 9],
			"rotation": {"angle": 0, "axis": "y", "origin": [7, -9, 7]},
			"faces": {
				"north": {"uv": [6.5, 0, 8, 1.25], "texture": "#0"},
				"east": {"uv": [7.75, 7.5, 8.25, 8.75], "texture": "#0"},
				"south": {"uv": [6.5, 1.25, 8, 2.5], "texture": "#0"},
				"west": {"uv": [8, 0, 8.5, 1.25], "texture": "#0"},
				"up": {"uv": [9.25, 6.5, 7.75, 6], "texture": "#0"},
				"down": {"uv": [9.25, 6.5, 7.75, 7], "texture": "#0"}
			}
		},
		{
			"from": [7, -4, 7],
			"to": [9, 14, 9],
			"rotation": {"angle": 0, "axis": "y", "origin": [7, -4, 7]},
			"faces": {
				"north": {"uv": [5, 0, 5.5, 4.5], "texture": "#0"},
				"east": {"uv": [5, 4.5, 5.5, 9], "texture": "#0"},
				"south": {"uv": [5.5, 0, 6, 4.5], "texture": "#0"},
				"west": {"uv": [5.5, 4.5, 6, 9], "texture": "#0"},
				"up": {"uv": [9.75, 9, 9.25, 8.5], "texture": "#0"},
				"down": {"uv": [9.75, 9, 9.25, 9.5], "texture": "#0"}
			}
		},
		{
			"from": [7, 13, 6.5],
			"to": [9, 15, 9.5],
			"rotation": {"angle": -45, "axis": "z", "origin": [8, 14, 8]},
			"faces": {
				"north": {"uv": [1, 9.5, 1.5, 10], "texture": "#0"},
				"east": {"uv": [8.75, 7.5, 9.5, 8], "texture": "#0"},
				"south": {"uv": [1.5, 9.5, 2, 10], "texture": "#0"},
				"west": {"uv": [8, 8.75, 8.75, 9.25], "texture": "#0"},
				"up": {"uv": [9.25, 8.75, 8.75, 8], "texture": "#0"},
				"down": {"uv": [9.25, 8.75, 8.75, 9.5], "texture": "#0"}
			}
		},
		{
			"from": [3, -9, 7.5],
			"to": [13, 26, 8.5],
			"rotation": {"angle": 0, "axis": "y", "origin": [7, -8, 7]},
			"faces": {
				"north": {"uv": [0, 0, 2.5, 8.75], "texture": "#0"},
				"east": {"uv": [6, 0, 6.25, 8.75], "texture": "#0"},
				"south": {"uv": [2.5, 0, 5, 8.75], "texture": "#0"},
				"west": {"uv": [6.25, 0, 6.5, 8.75], "texture": "#0"},
				"up": {"uv": [10.25, 7.25, 7.75, 7], "texture": "#0"},
				"down": {"uv": [10.25, 7.25, 7.75, 7.5], "texture": "#0"}
			}
		},
		{
			"from": [4.52097, 27.05, 7.5],
			"to": [9.52097, 31.925, 8.5],
			"rotation": {"angle": 45, "axis": "z", "origin": [7.22097, 30.78921, 8]},
			"faces": {
				"north": {"uv": [6.5, 3.5, 7.75, 4.75], "texture": "#0"},
				"east": {"uv": [9, 0, 9.25, 1.25], "texture": "#0"},
				"south": {"uv": [6.5, 4.75, 7.75, 6], "texture": "#0"},
				"west": {"uv": [9, 1.25, 9.25, 2.5], "texture": "#0"},
				"up": {"uv": [10.25, 3.75, 9, 3.5], "texture": "#0"},
				"down": {"uv": [10.25, 3.75, 9, 4], "texture": "#0"}
			}
		},
		{
			"from": [7.551, 24.726, 7.501],
			"to": [12.549, 28.724, 8.499],
			"rotation": {"angle": 22.5, "axis": "z", "origin": [9.55, 26.46421, 8]},
			"faces": {
				"north": {"uv": [6.5, 6, 7.75, 7], "texture": "#0"},
				"east": {"uv": [5.5, 9, 5.75, 10], "texture": "#0"},
				"south": {"uv": [6.5, 7, 7.75, 8], "texture": "#0"},
				"west": {"uv": [5.75, 9, 6, 10], "texture": "#0"},
				"up": {"uv": [10.25, 4.25, 9, 4], "texture": "#0"},
				"down": {"uv": [10.25, 4.25, 9, 4.5], "texture": "#0"}
			}
		},
		{
			"from": [2, -9, 7],
			"to": [3, -7, 9],
			"rotation": {"angle": 0, "axis": "y", "origin": [-4, -9, 7]},
			"faces": {
				"north": {"uv": [7.5, 8, 7.75, 8.5], "texture": "#0"},
				"east": {"uv": [9.25, 0, 9.75, 0.5], "texture": "#0"},
				"south": {"uv": [7.25, 9.25, 7.5, 9.75], "texture": "#0"},
				"west": {"uv": [9.25, 0.5, 9.75, 1], "texture": "#0"},
				"up": {"uv": [8.75, 9.75, 8.5, 9.25], "texture": "#0"},
				"down": {"uv": [9.75, 7.5, 9.5, 8], "texture": "#0"}
			}
		},
		{
			"from": [13, -9, 7],
			"to": [14, -7, 9],
			"rotation": {"angle": 0, "axis": "y", "origin": [20, -9, 7]},
			"faces": {
				"north": {"uv": [8.75, 9.5, 9, 10], "texture": "#0"},
				"east": {"uv": [9.25, 1, 9.75, 1.5], "texture": "#0"},
				"south": {"uv": [9, 9.5, 9.25, 10], "texture": "#0"},
				"west": {"uv": [9.25, 1.5, 9.75, 2], "texture": "#0"},
				"up": {"uv": [9.5, 10, 9.25, 9.5], "texture": "#0"},
				"down": {"uv": [9.75, 9.5, 9.5, 10], "texture": "#0"}
			}
		},
		{
			"from": [3.452, 24.727, 7.502],
			"to": [8.448, 28.723, 8.498],
			"rotation": {"angle": -22.5, "axis": "z", "origin": [6.45, 26.46421, 8]},
			"faces": {
				"north": {"uv": [7.75, 3.5, 9, 4.5], "texture": "#0"},
				"east": {"uv": [9.25, 6, 9.5, 7], "texture": "#0"},
				"south": {"uv": [7.75, 4.5, 9, 5.5], "texture": "#0"},
				"west": {"uv": [6.5, 9.25, 6.75, 10.25], "texture": "#0"},
				"up": {"uv": [10.25, 4.75, 9, 4.5], "texture": "#0"},
				"down": {"uv": [10.25, 4.75, 9, 5], "texture": "#0"}
			}
		},
		{
			"from": [8.426, -4.524, 7.001],
			"to": [10.424, 0.474, 8.999],
			"rotation": {"angle": 22.5, "axis": "z", "origin": [9.425, -2.78579, 8]},
			"faces": {
				"north": {"uv": [8.5, 0, 9, 1.25], "texture": "#0"},
				"east": {"uv": [8.5, 1.25, 9, 2.5], "texture": "#0"},
				"south": {"uv": [0, 8.75, 0.5, 10], "texture": "#0"},
				"west": {"uv": [0.5, 8.75, 1, 10], "texture": "#0"},
				"up": {"uv": [8.5, 9.75, 8, 9.25], "texture": "#0"},
				"down": {"uv": [9.75, 8, 9.25, 8.5], "texture": "#0"}
			}
		},
		{
			"from": [5.601, -4.524, 7.001],
			"to": [7.599, 0.474, 8.999],
			"rotation": {"angle": -22.5, "axis": "z", "origin": [6.6, -2.78579, 8]},
			"faces": {
				"north": {"uv": [8, 1.25, 8.5, 2.5], "texture": "#0"},
				"east": {"uv": [6.5, 8, 7, 9.25], "texture": "#0"},
				"south": {"uv": [7, 8, 7.5, 9.25], "texture": "#0"},
				"west": {"uv": [8.25, 7.5, 8.75, 8.75], "texture": "#0"},
				"up": {"uv": [9.75, 2.5, 9.25, 2], "texture": "#0"},
				"down": {"uv": [7.25, 9.25, 6.75, 9.75], "texture": "#0"}
			}
		}
	],
	"display": {
		"thirdperson_righthand": {
			"rotation": [0, 90, 0],
			"translation": [0, 18.75, 1.5]
		},
		"thirdperson_lefthand": {
			"rotation": [0, 90, 0],
			"translation": [0, 18.75, 1.5]
		},
		"firstperson_righthand": {
			"rotation": [7, 90, 0],
			"translation": [0.5, 10, 4],
			"scale": [0.4, 0.4, 0.4]
		},
		"firstperson_lefthand": {
			"rotation": [7, 90, 0],
			"translation": [0.5, 10, 4],
			"scale": [0.4, 0.4, 0.4]
		},
		"ground": {
			"rotation": [56.45, -28, -7.37],
			"translation": [0, 7, 0],
			"scale": [0.5, 0.5, 0.5]
		},
		"gui": {
			"rotation": [-41.85, -26.34, -45.24],
			"translation": [0.5, 0.75, 0],
			"scale": [0.6, 0.6, 0.6]
		},
		"head": {
			"translation": [0, 0.75, 0]
		}
	}
}