{
	"format_version": "1.21.6",
	"credit": "Made with Blockbench",
	"textures": {
		"0": "custom/items/ice_blade",
		"particle": "custom/items/ice_blade"
	},
	"elements": [
		{
			"from": [7, 0, 7],
			"to": [9, 1, 9],
			"rotation": {"angle": 0, "axis": "y", "origin": [7, 0, 7]},
			"faces": {
				"north": {"uv": [13, 10, 15, 11], "texture": "#0"},
				"east": {"uv": [13, 11, 15, 12], "texture": "#0"},
				"south": {"uv": [13, 12, 15, 13], "texture": "#0"},
				"west": {"uv": [13, 13, 15, 14], "texture": "#0"},
				"up": {"uv": [7, 12, 5, 10], "texture": "#0"},
				"down": {"uv": [12, 6, 10, 8], "texture": "#0"}
			}
		},
		{
			"from": [7, 4.5, 7],
			"to": [9, 6.5, 9],
			"rotation": {"angle": 45, "axis": "z", "origin": [8, 5.5, 8]},
			"faces": {
				"north": {"uv": [0, 11, 2, 13], "texture": "#0"},
				"east": {"uv": [2, 11, 4, 13], "texture": "#0"},
				"south": {"uv": [11, 8, 13, 10], "texture": "#0"},
				"west": {"uv": [11, 10, 13, 12], "texture": "#0"},
				"up": {"uv": [14, 2, 12, 0], "texture": "#0"},
				"down": {"uv": [14, 2, 12, 4], "texture": "#0"}
			}
		},
		{
			"from": [10.25, 5, 7],
			"to": [11.25, 6, 9],
			"rotation": {"angle": 45, "axis": "z", "origin": [10.75, 5.5, 8]},
			"faces": {
				"north": {"uv": [11, 14, 12, 15], "texture": "#0"},
				"east": {"uv": [14, 0, 16, 1], "texture": "#0"},
				"south": {"uv": [12, 14, 13, 15], "texture": "#0"},
				"west": {"uv": [14, 1, 16, 2], "texture": "#0"},
				"up": {"uv": [7, 14, 6, 12], "texture": "#0"},
				"down": {"uv": [15, 2, 14, 4], "texture": "#0"}
			}
		},
		{
			"from": [4.75, 5, 7],
			"to": [5.75, 6, 9],
			"rotation": {"angle": 45, "axis": "z", "origin": [5.25, 5.5, 8]},
			"faces": {
				"north": {"uv": [13, 14, 14, 15], "texture": "#0"},
				"east": {"uv": [4, 14, 6, 15], "texture": "#0"},
				"south": {"uv": [14, 14, 15, 15], "texture": "#0"},
				"west": {"uv": [14, 4, 16, 5], "texture": "#0"},
				"up": {"uv": [15, 7, 14, 5], "texture": "#0"},
				"down": {"uv": [7, 14, 6, 16], "texture": "#0"}
			}
		},
		{
			"from": [7.5, 1, 7.5],
			"to": [8.5, 5, 8.5],
			"rotation": {"angle": 0, "axis": "y", "origin": [7, 1, 7]},
			"faces": {
				"north": {"uv": [7, 10, 8, 14], "texture": "#0"},
				"east": {"uv": [8, 10, 9, 14], "texture": "#0"},
				"south": {"uv": [9, 10, 10, 14], "texture": "#0"},
				"west": {"uv": [10, 10, 11, 14], "texture": "#0"},
				"up": {"uv": [11, 9, 10, 8], "texture": "#0"},
				"down": {"uv": [5, 11, 4, 12], "texture": "#0"}
			}
		},
		{
			"from": [7, 10.25, 7.5],
			"to": [9, 20.25, 8.5],
			"rotation": {"angle": 0, "axis": "y", "origin": [7, 11.25, 7]},
			"faces": {
				"north": {"uv": [0, 0, 2, 10], "texture": "#0"},
				"east": {"uv": [4, 0, 5, 10], "texture": "#0"},
				"south": {"uv": [2, 0, 4, 10], "texture": "#0"},
				"west": {"uv": [5, 0, 6, 10], "texture": "#0"},
				"up": {"uv": [9, 15, 7, 14], "texture": "#0"},
				"down": {"uv": [16, 7, 14, 8], "texture": "#0"}
			}
		},
		{
			"from": [6.5, 8.05, 7],
			"to": [9.5, 11.05, 9],
			"rotation": {"angle": 45, "axis": "z", "origin": [8, 9.55, 8]},
			"faces": {
				"north": {"uv": [6, 0, 9, 3], "texture": "#0"},
				"east": {"uv": [6, 6, 8, 9], "texture": "#0"},
				"south": {"uv": [6, 3, 9, 6], "texture": "#0"},
				"west": {"uv": [8, 6, 10, 9], "texture": "#0"},
				"up": {"uv": [12, 2, 9, 0], "texture": "#0"},
				"down": {"uv": [12, 2, 9, 4], "texture": "#0"}
			}
		},
		{
			"from": [7, 19.5, 7],
			"to": [9, 21.5, 9],
			"rotation": {"angle": 45, "axis": "z", "origin": [8, 20.5, 8]},
			"faces": {
				"north": {"uv": [4, 12, 6, 14], "texture": "#0"},
				"east": {"uv": [12, 6, 14, 8], "texture": "#0"},
				"south": {"uv": [11, 12, 13, 14], "texture": "#0"},
				"west": {"uv": [0, 13, 2, 15], "texture": "#0"},
				"up": {"uv": [4, 15, 2, 13], "texture": "#0"},
				"down": {"uv": [15, 8, 13, 10], "texture": "#0"}
			}
		},
		{
			"from": [7.5, -0.5, 7.5],
			"to": [8.5, 0.5, 8.5],
			"rotation": {"angle": 45, "axis": "z", "origin": [8, 0, 8]},
			"faces": {
				"north": {"uv": [4, 12, 6, 14], "texture": "#0"},
				"east": {"uv": [12, 6, 14, 8], "texture": "#0"},
				"south": {"uv": [11, 12, 13, 14], "texture": "#0"},
				"west": {"uv": [0, 13, 2, 15], "texture": "#0"},
				"up": {"uv": [4, 15, 2, 13], "texture": "#0"},
				"down": {"uv": [15, 8, 13, 10], "texture": "#0"}
			}
		},
		{
			"from": [5.5, 5, 7.5],
			"to": [10.5, 6, 8.5],
			"rotation": {"angle": 0, "axis": "y", "origin": [6, 3.5, 7]},
			"faces": {
				"north": {"uv": [9, 4, 14, 5], "texture": "#0"},
				"east": {"uv": [9, 14, 10, 15], "texture": "#0"},
				"south": {"uv": [9, 5, 14, 6], "texture": "#0"},
				"west": {"uv": [10, 14, 11, 15], "texture": "#0"},
				"up": {"uv": [11, 10, 6, 9], "texture": "#0"},
				"down": {"uv": [5, 10, 0, 11], "texture": "#0"}
			}
		}
	],
	"display": {
		"thirdperson_righthand": {
			"rotation": [0, 90, 0],
			"translation": [0, 3.5, 1.25]
		},
		"thirdperson_lefthand": {
			"rotation": [0, -90, 0],
			"translation": [0, 3.5, 1.25]
		},
		"firstperson_righthand": {
			"rotation": [15, 89, 0],
			"translation": [-2, 4.5, 5],
			"scale": [0.5, 0.5, 0.5]
		},
		"firstperson_lefthand": {
			"rotation": [15, -89, 0],
			"translation": [-2, 4.5, 5],
			"scale": [0.5, 0.5, 0.5]
		},
		"ground": {
			"translation": [0, 3.25, 0],
			"scale": [0.5, 0.5, 0.5]
		},
		"gui": {
			"rotation": [-13, 12, -28],
			"translation": [0, -2, 0],
			"scale": [0.85352, 0.85352, 0.85352]
		}
	}
}