{
	"format_version": "1.9.0",
	"credit": "Made with Blockbench",
	"texture_size": [64, 64],
	"textures": {
		"1": "custom/items/spear",
		"particle": "custom/items/spear"
	},
	"elements": [
		{
			"from": [7, -16, 7],
			"to": [9, -12, 9],
			"rotation": {"angle": 0, "axis": "y", "origin": [7, -16, 7]},
			"faces": {
				"north": {"uv": [1, 2, 1.5, 3], "texture": "#1"},
				"east": {"uv": [1.5, 2, 2, 3], "texture": "#1"},
				"south": {"uv": [2, 1.5, 2.5, 2.5], "texture": "#1"},
				"west": {"uv": [2.5, 1.5, 3, 2.5], "texture": "#1"},
				"up": {"uv": [4, 2.75, 3.5, 2.25], "texture": "#1"},
				"down": {"uv": [3, 3.5, 2.5, 4], "texture": "#1"}
			}
		},
		{
			"from": [7, 14, 7],
			"to": [9, 18, 9],
			"rotation": {"angle": 0, "axis": "y", "origin": [7, 14, 7]},
			"faces": {
				"north": {"uv": [2, 2.5, 2.5, 3.5], "texture": "#1"},
				"east": {"uv": [2.5, 2.5, 3, 3.5], "texture": "#1"},
				"south": {"uv": [2.75, 0, 3.25, 1], "texture": "#1"},
				"west": {"uv": [1, 3, 1.5, 4], "texture": "#1"},
				"up": {"uv": [4, 3.25, 3.5, 2.75], "texture": "#1"},
				"down": {"uv": [4, 3.25, 3.5, 3.75], "texture": "#1"}
			}
		},
		{
			"from": [7, 23, 6],
			"to": [9, 27, 10],
			"rotation": {"angle": 0, "axis": "y", "origin": [7, 23, 7]},
			"faces": {
				"north": {"uv": [3, 1, 3.5, 2], "texture": "#1"},
				"east": {"uv": [1, 0, 2, 1], "texture": "#1"},
				"south": {"uv": [1.5, 3, 2, 4], "texture": "#1"},
				"west": {"uv": [1, 1, 2, 2], "texture": "#1"},
				"up": {"uv": [3.5, 3, 3, 2], "texture": "#1"},
				"down": {"uv": [3.5, 3, 3, 4], "texture": "#1"}
			}
		},
		{
			"from": [7, 27, 6.5],
			"to": [9, 30, 9.5],
			"rotation": {"angle": 0, "axis": "y", "origin": [7, 27, 7]},
			"faces": {
				"north": {"uv": [3.25, 0, 3.75, 0.75], "texture": "#1"},
				"east": {"uv": [2, 0, 2.75, 0.75], "texture": "#1"},
				"south": {"uv": [3.5, 0.75, 4, 1.5], "texture": "#1"},
				"west": {"uv": [2, 0.75, 2.75, 1.5], "texture": "#1"},
				"up": {"uv": [4, 2.25, 3.5, 1.5], "texture": "#1"},
				"down": {"uv": [2.5, 3.5, 2, 4.25], "texture": "#1"}
			}
		},
		{
			"from": [7.5, 30, 7.5],
			"to": [8.5, 32, 8.5],
			"rotation": {"angle": 0, "axis": "y", "origin": [7, 29, 7]},
			"faces": {
				"north": {"uv": [2.75, 1, 3, 1.5], "texture": "#1"},
				"east": {"uv": [3.75, 0, 4, 0.5], "texture": "#1"},
				"south": {"uv": [3.5, 3.75, 3.75, 4.25], "texture": "#1"},
				"west": {"uv": [3.75, 3.75, 4, 4.25], "texture": "#1"},
				"up": {"uv": [4.25, 0.25, 4, 0], "texture": "#1"},
				"down": {"uv": [4.25, 0.25, 4, 0.5], "texture": "#1"}
			}
		},
		{
			"from": [7.5, -12, 7.5],
			"to": [8.5, 23, 8.5],
			"rotation": {"angle": 0, "axis": "y", "origin": [7, -11, 7]},
			"faces": {
				"north": {"uv": [0, 0, 0.25, 8.75], "texture": "#1"},
				"east": {"uv": [0.25, 0, 0.5, 8.75], "texture": "#1"},
				"south": {"uv": [0.5, 0, 0.75, 8.75], "texture": "#1"},
				"west": {"uv": [0.75, 0, 1, 8.75], "texture": "#1"},
				"up": {"uv": [3.5, 1, 3.25, 0.75], "texture": "#1"},
				"down": {"uv": [4, 0.5, 3.75, 0.75], "texture": "#1"}
			}
		}
	],
	"display": {
		"thirdperson_righthand": {
			"translation": [0, -1, 1]
		},
		"thirdperson_lefthand": {
			"translation": [0, -1, 1]
		},
		"firstperson_righthand": {
			"rotation": [7.5, 0, 0],
			"translation": [0.75, 2.5, 1.25],
			"scale": [0.5, 0.5, 0.5]
		},
		"firstperson_lefthand": {
			"rotation": [7.5, 0, 0],
			"translation": [0.75, 2.5, 1.25],
			"scale": [0.5, 0.5, 0.5]
		},
		"ground": {
			"rotation": [16.07, 23.42, 31.09],
			"translation": [0, 3.5, 0],
			"scale": [0.5, 0.5, 0.5]
		},
		"gui": {
			"rotation": [15.82, 15.11, -47.34],
			"scale": [0.5, 0.5, 0.5]
		},
		"head": {
			"rotation": [-69.51, -57.1, 17.47],
			"translation": [0, -0.5, 25.5]
		}
	}
}