{
	"format_version": "1.21.6",
	"credit": "Made with Blockbench",
	"texture_size": [32, 32],
	"textures": {
		"0": "custom/items/sword",
		"particle": "custom/items/sword"
	},
	"elements": [
		{
			"from": [6.5, 0, 7],
			"to": [9.5, 3, 9],
			"rotation": {"angle": 0, "axis": "y", "origin": [8, 1, 8]},
			"faces": {
				"north": {"uv": [4, 7, 5.5, 8.5], "texture": "#0"},
				"east": {"uv": [2, 7.5, 3, 9], "texture": "#0"},
				"south": {"uv": [7, 4, 8.5, 5.5], "texture": "#0"},
				"west": {"uv": [4, 8.5, 5, 10], "texture": "#0"},
				"up": {"uv": [10, 9.5, 8.5, 8.5], "texture": "#0"},
				"down": {"uv": [10.5, 0, 9, 1], "texture": "#0"}
			}
		},
		{
			"from": [7, 3, 7.5],
			"to": [9, 7, 8.5],
			"rotation": {"angle": 0, "axis": "y", "origin": [8, 3, 8]},
			"faces": {
				"north": {"uv": [5.5, 7, 6.5, 9], "texture": "#0"},
				"east": {"uv": [5, 8.5, 5.5, 10.5], "texture": "#0"},
				"south": {"uv": [7, 5.5, 8, 7.5], "texture": "#0"},
				"west": {"uv": [9, 1, 9.5, 3], "texture": "#0"},
				"up": {"uv": [11, 3.5, 10, 3], "texture": "#0"},
				"down": {"uv": [11, 3.5, 10, 4], "texture": "#0"}
			}
		},
		{
			"from": [6, 7, 7],
			"to": [10, 11, 9],
			"rotation": {"angle": 0, "axis": "y", "origin": [8, 8, 8]},
			"faces": {
				"north": {"uv": [7, 0, 9, 2], "texture": "#0"},
				"east": {"uv": [0, 7.5, 1, 9.5], "texture": "#0"},
				"south": {"uv": [7, 2, 9, 4], "texture": "#0"},
				"west": {"uv": [1, 7.5, 2, 9.5], "texture": "#0"},
				"up": {"uv": [8.5, 8.5, 6.5, 7.5], "texture": "#0"},
				"down": {"uv": [10, 5.5, 8, 6.5], "texture": "#0"}
			}
		},
		{
			"from": [6.5, 11, 7.5],
			"to": [9.5, 26, 8.5],
			"rotation": {"angle": 0, "axis": "y", "origin": [8, 12, 8]},
			"faces": {
				"north": {"uv": [0, 0, 1.5, 7.5], "texture": "#0"},
				"east": {"uv": [3, 7, 3.5, 14.5], "texture": "#0"},
				"south": {"uv": [1.5, 0, 3, 7.5], "texture": "#0"},
				"west": {"uv": [3.5, 7, 4, 14.5], "texture": "#0"},
				"up": {"uv": [1.5, 10.5, 0, 10], "texture": "#0"},
				"down": {"uv": [3, 10, 1.5, 10.5], "texture": "#0"}
			}
		},
		{
			"from": [7, 11, 7],
			"to": [9, 25, 9],
			"rotation": {"angle": 0, "axis": "y", "origin": [8, 12, 8]},
			"faces": {
				"north": {"uv": [3, 0, 4, 7], "texture": "#0"},
				"east": {"uv": [4, 0, 5, 7], "texture": "#0"},
				"south": {"uv": [5, 0, 6, 7], "texture": "#0"},
				"west": {"uv": [6, 0, 7, 7], "texture": "#0"},
				"up": {"uv": [9.5, 10.5, 8.5, 9.5], "texture": "#0"},
				"down": {"uv": [10.5, 9.5, 9.5, 10.5], "texture": "#0"}
			}
		},
		{
			"from": [7, 26, 7.5],
			"to": [9, 28, 8.5],
			"rotation": {"angle": 0, "axis": "y", "origin": [8, 17, 8]},
			"faces": {
				"north": {"uv": [6.5, 9.5, 7.5, 10.5], "texture": "#0"},
				"east": {"uv": [2, 10.5, 2.5, 11.5], "texture": "#0"},
				"south": {"uv": [7.5, 9.5, 8.5, 10.5], "texture": "#0"},
				"west": {"uv": [2.5, 10.5, 3, 11.5], "texture": "#0"},
				"up": {"uv": [11.5, 4.5, 10.5, 4], "texture": "#0"},
				"down": {"uv": [11.5, 4.5, 10.5, 5], "texture": "#0"}
			}
		},
		{
			"from": [4, 9.25, 7.5],
			"to": [6, 11.25, 8.5],
			"rotation": {"angle": -45, "axis": "z", "origin": [4, 8.25, 8]},
			"faces": {
				"north": {"uv": [2, 9, 3, 10], "texture": "#0"},
				"east": {"uv": [4, 10, 4.5, 11], "texture": "#0"},
				"south": {"uv": [9, 3, 10, 4], "texture": "#0"},
				"west": {"uv": [4.5, 10, 5, 11], "texture": "#0"},
				"up": {"uv": [6.5, 10.5, 5.5, 10], "texture": "#0"},
				"down": {"uv": [11, 5.5, 10, 6], "texture": "#0"}
			}
		},
		{
			"from": [3, 7.675, 7.5],
			"to": [7, 9.675, 8.5],
			"rotation": {"angle": -45, "axis": "z", "origin": [4, 9.675, 8]},
			"faces": {
				"north": {"uv": [8, 6.5, 10, 7.5], "texture": "#0"},
				"east": {"uv": [10, 6, 10.5, 7], "texture": "#0"},
				"south": {"uv": [8.5, 4, 10.5, 5], "texture": "#0"},
				"west": {"uv": [10, 8.5, 10.5, 9.5], "texture": "#0"},
				"up": {"uv": [10.5, 5.5, 8.5, 5], "texture": "#0"},
				"down": {"uv": [2, 9.5, 0, 10], "texture": "#0"}
			}
		},
		{
			"from": [9, 7.675, 7.5],
			"to": [13, 9.675, 8.5],
			"rotation": {"angle": 45, "axis": "z", "origin": [12, 9.675, 8]},
			"faces": {
				"north": {"uv": [6.5, 8.5, 8.5, 9.5], "texture": "#0"},
				"east": {"uv": [10.5, 1, 11, 2], "texture": "#0"},
				"south": {"uv": [8.5, 7.5, 10.5, 8.5], "texture": "#0"},
				"west": {"uv": [1.5, 10.5, 2, 11.5], "texture": "#0"},
				"up": {"uv": [11.5, 2.5, 9.5, 2], "texture": "#0"},
				"down": {"uv": [11.5, 2.5, 9.5, 3], "texture": "#0"}
			}
		},
		{
			"from": [10, 9.25, 7.5],
			"to": [12, 11.25, 8.5],
			"rotation": {"angle": 45, "axis": "z", "origin": [12, 8.25, 8]},
			"faces": {
				"north": {"uv": [5.5, 9, 6.5, 10], "texture": "#0"},
				"east": {"uv": [0, 10.5, 0.5, 11.5], "texture": "#0"},
				"south": {"uv": [9.5, 1, 10.5, 2], "texture": "#0"},
				"west": {"uv": [10.5, 0, 11, 1], "texture": "#0"},
				"up": {"uv": [11, 7.5, 10, 7], "texture": "#0"},
				"down": {"uv": [1.5, 10.5, 0.5, 11], "texture": "#0"}
			}
		}
	],
	"display": {
		"thirdperson_righthand": {
			"rotation": [0, 94, 0],
			"translation": [0, 0.5, 0.75]
		},
		"thirdperson_lefthand": {
			"rotation": [0, 94, 0],
			"translation": [0, 0.5, 0.75]
		},
		"firstperson_righthand": {
			"rotation": [-164.75, 81, -180],
			"translation": [0, 2, 1.25],
			"scale": [0.5, 0.5, 0.5]
		},
		"firstperson_lefthand": {
			"rotation": [-164.75, 81, -180],
			"translation": [0, 2, 1.25],
			"scale": [0.5, 0.5, 0.5]
		},
		"ground": {
			"rotation": [38, 38, 0],
			"translation": [0, 3.5, 0],
			"scale": [0.5, 0.5, 0.5]
		},
		"gui": {
			"rotation": [-32, -24, -50],
			"translation": [-3, -3.25, 0],
			"scale": [0.75, 0.75, 0.75]
		},
		"fixed": {
			"rotation": [81.25, 0, 0],
			"translation": [0, 0, -6.5]
		}
	}
}