{
	"format_version": "1.9.0",
	"credit": "Made with Blockbench",
	"texture_size": [32, 32],
	"textures": {
		"0": "custom/items/wooden_targe",
		"particle": "custom/items/wooden_targe"
	},
	"elements": [
		{
			"from": [4, 12, 7],
			"to": [12, 14, 9],
			"rotation": {"angle": 0, "axis": "y", "origin": [7, 12, 7]},
			"faces": {
				"north": {"uv": [4, 0, 8, 1], "texture": "#0"},
				"east": {"uv": [9, 0, 10, 1], "texture": "#0"},
				"south": {"uv": [4, 1, 8, 2], "texture": "#0"},
				"west": {"uv": [9, 1, 10, 2], "texture": "#0"},
				"up": {"uv": [8, 3, 4, 2], "texture": "#0"},
				"down": {"uv": [8, 3, 4, 4], "texture": "#0"}
			}
		},
		{
			"from": [12, 4, 7],
			"to": [14, 12, 9],
			"rotation": {"angle": 0, "axis": "y", "origin": [9, 4, 7]},
			"faces": {
				"north": {"uv": [0, 8, 1, 12], "texture": "#0"},
				"east": {"uv": [8, 0, 9, 4], "texture": "#0"},
				"south": {"uv": [1, 8, 2, 12], "texture": "#0"},
				"west": {"uv": [2, 8, 3, 12], "texture": "#0"},
				"up": {"uv": [10, 5, 9, 4], "texture": "#0"},
				"down": {"uv": [10, 5, 9, 6], "texture": "#0"}
			}
		},
		{
			"from": [2, 4, 7],
			"to": [4, 12, 9],
			"rotation": {"angle": 0, "axis": "y", "origin": [-1, 4, 7]},
			"faces": {
				"north": {"uv": [3, 8, 4, 12], "texture": "#0"},
				"east": {"uv": [4, 8, 5, 12], "texture": "#0"},
				"south": {"uv": [8, 4, 9, 8], "texture": "#0"},
				"west": {"uv": [5, 8, 6, 12], "texture": "#0"},
				"up": {"uv": [10, 7, 9, 6], "texture": "#0"},
				"down": {"uv": [8, 9, 7, 10], "texture": "#0"}
			}
		},
		{
			"from": [7, 7, 7],
			"to": [9, 9, 9],
			"rotation": {"angle": 0, "axis": "y", "origin": [4, 4, 7]},
			"faces": {
				"north": {"uv": [9, 7, 10, 8], "texture": "#0"},
				"east": {"uv": [8, 9, 9, 10], "texture": "#0"},
				"south": {"uv": [9, 9, 10, 10], "texture": "#0"},
				"west": {"uv": [10, 0, 11, 1], "texture": "#0"},
				"up": {"uv": [11, 2, 10, 1], "texture": "#0"},
				"down": {"uv": [11, 2, 10, 3], "texture": "#0"}
			}
		},
		{
			"from": [4, 2, 7],
			"to": [12, 4, 9],
			"rotation": {"angle": 0, "axis": "y", "origin": [7, 2, 7]},
			"faces": {
				"north": {"uv": [4, 4, 8, 5], "texture": "#0"},
				"east": {"uv": [9, 2, 10, 3], "texture": "#0"},
				"south": {"uv": [4, 5, 8, 6], "texture": "#0"},
				"west": {"uv": [9, 3, 10, 4], "texture": "#0"},
				"up": {"uv": [8, 7, 4, 6], "texture": "#0"},
				"down": {"uv": [8, 7, 4, 8], "texture": "#0"}
			}
		},
		{
			"from": [4, 4, 7.5],
			"to": [12, 12, 8.5],
			"rotation": {"angle": 0, "axis": "y", "origin": [7, 4, 7]},
			"faces": {
				"north": {"uv": [0, 0, 4, 4], "texture": "#0"},
				"east": {"uv": [6, 8, 6.5, 12], "texture": "#0"},
				"south": {"uv": [0, 4, 4, 8], "texture": "#0"},
				"west": {"uv": [6.5, 8, 7, 12], "texture": "#0"},
				"up": {"uv": [11, 8.5, 7, 8], "texture": "#0"},
				"down": {"uv": [11, 8.5, 7, 9], "texture": "#0"}
			}
		}
	],
	"display": {
		"thirdperson_righthand": {
			"rotation": [67, 0, 0],
			"translation": [0.25, 0.5, 0.75]
		},
		"thirdperson_lefthand": {
			"rotation": [67, 0, 0],
			"translation": [0.25, 0.5, 0.75]
		},
		"firstperson_righthand": {
			"rotation": [8.73, 2.43, -0.9]
		},
		"firstperson_lefthand": {
			"rotation": [8.73, 2.43, -0.9]
		},
		"ground": {
			"translation": [0, 3.5, 0]
		},
		"gui": {
			"rotation": [-16.5, -12.75, 0]
		},
		"head": {
			"rotation": [84.75, 0, 0],
			"translation": [0, -5.75, -9.5]
		}
	}
}