{
	"parent": "item/generated",
	"textures": {
		"layer0": "minecraft:item/angler_pottery_sherd"
	},
	"overrides": [
		{ "predicate": { "custom_model_data": 1 }, "model": "custom/items/greatsword" },
		{ "predicate": { "custom_model_data": 2 }, "model": "custom/items/sword" },
		{ "predicate": { "custom_model_data": 3 }, "model": "custom/items/spear" },
		{ "predicate": { "custom_model_data": 4 }, "model": "custom/items/butcher_knife" },
		{ "predicate": { "custom_model_data": 5 }, "model": "custom/items/clydesblade" },
		{ "predicate": { "custom_model_data": 6 }, "model": "custom/items/wooden_targe" }


	]
}