{
	"parent": "item/generated",
	"textures": {
		"layer0": "minecraft:item/red_candle"
	},
	"overrides": [
		{
			"predicate": {
				"custom_model_data": 1
			},
			"model": "animated_java:empty"
		},
		{
			"predicate": {
				"custom_model_data": 2
			},
			"model": "animated_java:blueprint/fairy/body"
		},
		{
			"predicate": {
				"custom_model_data": 3
			},
			"model": "animated_java:blueprint/fairy/leftbottom"
		},
		{
			"predicate": {
				"custom_model_data": 4
			},
			"model": "animated_java:blueprint/fairy/rightbottom"
		},
		{
			"predicate": {
				"custom_model_data": 5
			},
			"model": "animated_java:blueprint/fairy/lefttop"
		},
		{
			"predicate": {
				"custom_model_data": 6
			},
			"model": "animated_java:blueprint/fairy/righttop"
		},
		{
			"predicate": {
				"custom_model_data": 7
			},
			"model": "animated_java:blueprint/chest/chest"
		},
		{
			"predicate": {
				"custom_model_data": 8
			},
			"model": "animated_java:blueprint/chest/lid"
		},
		{
			"predicate": {
				"custom_model_data": 9
			},
			"model": "animated_java:blueprint/chest/lock"
		},
		{
			"predicate": {
				"custom_model_data": 10
			},
			"model": "animated_java:blueprint/swordsman/bone"
		},
		{
			"predicate": {
				"custom_model_data": 11
			},
			"model": "animated_java:blueprint/swordsman/right_arm"
		},
		{
			"predicate": {
				"custom_model_data": 12
			},
			"model": "animated_java:blueprint/swordsman/left_arm"
		},
		{
			"predicate": {
				"custom_model_data": 13
			},
			"model": "animated_java:blueprint/archer/head"
		},
		{
			"predicate": {
				"custom_model_data": 14
			},
			"model": "animated_java:blueprint/archer/body"
		},
		{
			"predicate": {
				"custom_model_data": 15
			},
			"model": "animated_java:blueprint/archer/right_arm"
		},
		{
			"predicate": {
				"custom_model_data": 16
			},
			"model": "animated_java:blueprint/archer/left_arm"
		},
		{
			"predicate": {
				"custom_model_data": 17
			},
			"model": "animated_java:blueprint/runeweaver/right_arm"
		},
		{
			"predicate": {
				"custom_model_data": 18
			},
			"model": "animated_java:blueprint/runeweaver/left_arm"
		},
		{
			"predicate": {
				"custom_model_data": 19
			},
			"model": "animated_java:blueprint/runeweaver/bone"
		},
		{
			"predicate": {
				"custom_model_data": 20
			},
			"model": "animated_java:blueprint/runeweaver/book"
		},
		{
			"predicate": {
				"custom_model_data": 21
			},
			"model": "animated_java:blueprint/door/right"
		},
		{
			"predicate": {
				"custom_model_data": 22
			},
			"model": "animated_java:blueprint/door/righthandle"
		},
		{
			"predicate": {
				"custom_model_data": 23
			},
			"model": "animated_java:blueprint/door/left"
		},
		{
			"predicate": {
				"custom_model_data": 24
			},
			"model": "animated_java:blueprint/door/lefthandle"
		},
		{
			"predicate": {
				"custom_model_data": 25
			},
			"model": "animated_java:blueprint/blocked_door/doors"
		},
		{
			"predicate": {
				"custom_model_data": 26
			},
			"model": "animated_java:blueprint/pot/root"
		},
		{
			"predicate": {
				"custom_model_data": 27
			},
			"model": "animated_java:blueprint/pot2/root"
		},
		{
			"predicate": {
				"custom_model_data": 28
			},
			"model": "animated_java:blueprint/sack2/bone"
		},
		{
			"predicate": {
				"custom_model_data": 29
			},
			"model": "animated_java:blueprint/sack2/bone2"
		},
		{
			"predicate": {
				"custom_model_data": 30
			},
			"model": "animated_java:blueprint/sack/bone"
		},
		{
			"predicate": {
				"custom_model_data": 31
			},
			"model": "animated_java:blueprint/dummy/root"
		},
		{
			"predicate": {
				"custom_model_data": 32
			},
			"model": "animated_java:blueprint/dummy/leg"
		},
		{
			"predicate": {
				"custom_model_data": 33
			},
			"model": "animated_java:blueprint/dummy/body"
		},
		{
			"predicate": {
				"custom_model_data": 34
			},
			"model": "animated_java:blueprint/dummy/leftarm"
		},
		{
			"predicate": {
				"custom_model_data": 35
			},
			"model": "animated_java:blueprint/dummy/rightarm"
		},
		{
			"predicate": {
				"custom_model_data": 36
			},
			"model": "animated_java:blueprint/dummy/head"
		}
	],
	"animated_java": {
		"archer": [13, 14, 15, 16],
		"blocked_door": [25],
		"chest": [7, 8, 9],
		"door": [21, 22, 23, 24],
		"dummy": [31, 32, 33, 34, 35, 36],
		"fairy": [1, 2, 3, 4, 5, 6],
		"pot": [26],
		"pot2": [27],
		"runeweaver": [17, 18, 19, 20],
		"sack": [30],
		"sack2": [28, 29],
		"swordsman": [10, 11, 12]
	}
}