{
	"textures": {
		"0": "animated_java:blueprint/fairy/fairy",
		"particle": "minecraft:item/pufferfish"
	},
	"display": {
		"head": {
			"rotation": [0, 180, 0]
		}
	},
	"elements": [
		{
			"from": [6.6, 6.6, 6.6],
			"to": [9.4, 9.4, 9.4],
			"rotation": {
				"angle": 0,
				"axis": "y",
				"origin": [8, 6, 8]
			},
			"faces": {
				"north": {
					"uv": [3, 9, 5, 11],
					"texture": "#0"
				},
				"east": {
					"uv": [9, 4, 11, 6],
					"texture": "#0"
				},
				"south": {
					"uv": [5, 9, 7, 11],
					"texture": "#0"
				},
				"west": {
					"uv": [9, 6, 11, 8],
					"texture": "#0"
				},
				"up": {
					"uv": [9, 11, 7, 9],
					"texture": "#0"
				},
				"down": {
					"uv": [11, 8, 9, 10],
					"texture": "#0"
				}
			}
		},
		{
			"from": [6.5, 6.5, 6.5],
			"to": [9.5, 9.5, 9.5],
			"rotation": {
				"angle": 0,
				"axis": "y",
				"origin": [8, 6, 8]
			},
			"faces": {
				"north": {
					"uv": [0, 6, 3, 9],
					"texture": "#0"
				},
				"east": {
					"uv": [6, 0, 9, 3],
					"texture": "#0"
				},
				"south": {
					"uv": [3, 6, 6, 9],
					"texture": "#0"
				},
				"west": {
					"uv": [6, 3, 9, 6],
					"texture": "#0"
				},
				"up": {
					"uv": [9, 9, 6, 6],
					"texture": "#0"
				},
				"down": {
					"uv": [3, 9, 0, 12],
					"texture": "#0"
				}
			}
		}
	]
}