{
	"textures": {
		"0": "animated_java:blueprint/fairy/fairy",
		"particle": "minecraft:item/pufferfish"
	},
	"display": {
		"head": {
			"rotation": [0, 180, 0]
		}
	},
	"elements": [
		{
			"from": [4.05656, 6.20881, 8],
			"to": [8.05656, 8.20881, 8],
			"rotation": {
				"angle": 0,
				"axis": "y",
				"origin": [7.05656, 6.20881, 9]
			},
			"faces": {
				"north": {
					"uv": [9, 0, 13, 2],
					"texture": "#0"
				},
				"east": {
					"uv": [0, 0, 0, 2],
					"texture": "#0"
				},
				"south": {
					"uv": [9, 2, 13, 4],
					"texture": "#0"
				},
				"west": {
					"uv": [0, 0, 0, 2],
					"texture": "#0"
				},
				"up": {
					"uv": [4, 0, 0, 0],
					"texture": "#0"
				},
				"down": {
					"uv": [4, 0, 0, 0],
					"texture": "#0"
				}
			}
		}
	]
}