{
	"textures": {
		"0": "animated_java:blueprint/fairy/fairy",
		"particle": "minecraft:item/pufferfish"
	},
	"display": {
		"head": {
			"rotation": [0, 180, 0]
		}
	},
	"elements": [
		{
			"from": [7.84358, 6.77269, 8],
			"to": [13.84358, 9.77269, 8],
			"rotation": {
				"angle": 0,
				"axis": "y",
				"origin": [8.84358, 7.77269, 9]
			},
			"faces": {
				"north": {
					"uv": [6, 0, 0, 3],
					"texture": "#0"
				},
				"east": {
					"uv": [0, 0, 0, 3],
					"texture": "#0"
				},
				"south": {
					"uv": [6, 3, 0, 6],
					"texture": "#0"
				},
				"west": {
					"uv": [0, 0, 0, 3],
					"texture": "#0"
				},
				"up": {
					"uv": [0, 0, 6, 0],
					"texture": "#0"
				},
				"down": {
					"uv": [0, 0, 6, 0],
					"texture": "#0"
				}
			}
		}
	]
}