{
	"textures": {
		"0": "animated_java:blueprint/dummy/dumy",
		"particle": "minecraft:item/pufferfish"
	},
	"display": {
		"head": {
			"rotation": [0, 180, 0]
		}
	},
	"elements": [
		{
			"from": [2, 11.22222, 6],
			"to": [14, 21.22222, 10],
			"rotation": {
				"angle": 0,
				"axis": "y",
				"origin": [8, 12.22222, 8]
			},
			"faces": {
				"north": {
					"uv": [0, 0, 3, 2.5],
					"texture": "#0"
				},
				"east": {
					"uv": [0, 7, 1, 9.5],
					"texture": "#0"
				},
				"south": {
					"uv": [0, 2.5, 3, 5],
					"texture": "#0"
				},
				"west": {
					"uv": [1, 7, 2, 9.5],
					"texture": "#0"
				},
				"up": {
					"uv": [7, 7, 4, 6],
					"texture": "#0"
				},
				"down": {
					"uv": [10, 0, 7, 1],
					"texture": "#0"
				}
			}
		},
		{
			"from": [4, 7.22222, 6],
			"to": [12, 11.22222, 10],
			"rotation": {
				"angle": 0,
				"axis": "y",
				"origin": [8, 8.22222, 8]
			},
			"faces": {
				"north": {
					"uv": [7, 1, 9, 2],
					"texture": "#0"
				},
				"east": {
					"uv": [2, 5, 3, 6],
					"texture": "#0"
				},
				"south": {
					"uv": [7, 2, 9, 3],
					"texture": "#0"
				},
				"west": {
					"uv": [7.75, 9.75, 8.75, 10.75],
					"texture": "#0"
				},
				"up": {
					"uv": [9, 4, 7, 3],
					"texture": "#0"
				},
				"down": {
					"uv": [6, 7, 4, 8],
					"texture": "#0"
				}
			}
		}
	]
}