{
	"textures": {
		"0": "animated_java:blueprint/dummy/dumy",
		"particle": "minecraft:item/pufferfish"
	},
	"display": {
		"head": {
			"rotation": [0, 180, 0]
		}
	},
	"elements": [
		{
			"from": [4, 8, 4],
			"to": [12, 16, 12],
			"rotation": {
				"angle": 0,
				"axis": "y",
				"origin": [8, 8, 8]
			},
			"faces": {
				"north": {
					"uv": [3, 0, 5, 2],
					"texture": "#0"
				},
				"east": {
					"uv": [3, 2, 5, 4],
					"texture": "#0"
				},
				"south": {
					"uv": [3, 4, 5, 6],
					"texture": "#0"
				},
				"west": {
					"uv": [0, 5, 2, 7],
					"texture": "#0"
				},
				"up": {
					"uv": [7, 2, 5, 0],
					"texture": "#0"
				},
				"down": {
					"uv": [7, 2, 5, 4],
					"texture": "#0"
				}
			}
		}
	]
}