{
	"textures": {
		"0": "animated_java:blueprint/dummy/dumy",
		"particle": "minecraft:item/pufferfish"
	},
	"display": {
		"head": {
			"rotation": [0, 180, 0]
		}
	},
	"elements": [
		{
			"from": [-3, 7, 7],
			"to": [8, 9, 9],
			"rotation": {
				"angle": 0,
				"axis": "y",
				"origin": [8, 3, 8]
			},
			"faces": {
				"north": {
					"uv": [7, 6.25, 9.75, 6.75],
					"texture": "#0"
				},
				"east": {
					"uv": [10.25, 2, 10.75, 2.5],
					"texture": "#0"
				},
				"south": {
					"uv": [6, 7.75, 8.75, 8.25],
					"texture": "#0"
				},
				"west": {
					"uv": [10.25, 2.5, 10.75, 3],
					"texture": "#0"
				},
				"up": {
					"uv": [4.75, 8.5, 2, 8],
					"texture": "#0"
				},
				"down": {
					"uv": [10.75, 6.75, 8, 7.25],
					"texture": "#0"
				}
			}
		},
		{
			"from": [3, 6, 6],
			"to": [8, 10, 10],
			"rotation": {
				"angle": 0,
				"axis": "y",
				"origin": [8, 3, 8]
			},
			"faces": {
				"north": {
					"uv": [4.75, 8.75, 6, 9.75],
					"texture": "#0"
				},
				"east": {
					"uv": [8.75, 9.75, 9.75, 10.75],
					"texture": "#0"
				},
				"south": {
					"uv": [6, 8.75, 7.25, 9.75],
					"texture": "#0"
				},
				"west": {
					"uv": [9.75, 8.75, 10.75, 9.75],
					"texture": "#0"
				},
				"up": {
					"uv": [8.5, 9.75, 7.25, 8.75],
					"texture": "#0"
				},
				"down": {
					"uv": [9.75, 8.75, 8.5, 9.75],
					"texture": "#0"
				}
			}
		},
		{
			"from": [8, 10, 10],
			"to": [3, 6, 6],
			"rotation": {
				"angle": 0,
				"axis": "y",
				"origin": [8, 3, 8]
			},
			"faces": {
				"north": {
					"uv": [6, 9.75, 7.25, 8.75],
					"texture": "#0"
				},
				"east": {
					"uv": [9.75, 9.75, 10.75, 8.75],
					"texture": "#0"
				},
				"south": {
					"uv": [4.75, 9.75, 6, 8.75],
					"texture": "#0"
				},
				"west": {
					"uv": [8.75, 10.75, 9.75, 9.75],
					"texture": "#0"
				},
				"up": {
					"uv": [8.5, 8.75, 9.75, 9.75],
					"texture": "#0"
				},
				"down": {
					"uv": [7.25, 9.75, 8.5, 8.75],
					"texture": "#0"
				}
			}
		}
	]
}