{
	"textures": {
		"0": "animated_java:blueprint/dummy/dumy",
		"particle": "minecraft:item/pufferfish"
	},
	"display": {
		"head": {
			"rotation": [0, 180, 0]
		}
	},
	"elements": [
		{
			"from": [7, 8, 7],
			"to": [9, 14, 9],
			"rotation": {
				"angle": 0,
				"axis": "y",
				"origin": [8, 19, 8]
			},
			"faces": {
				"north": {
					"uv": [1.5, 9.5, 2, 11],
					"texture": "#0"
				},
				"east": {
					"uv": [2, 10, 2.5, 11.5],
					"texture": "#0"
				},
				"south": {
					"uv": [2.5, 10, 3, 11.5],
					"texture": "#0"
				},
				"west": {
					"uv": [0, 10.25, 0.5, 11.75],
					"texture": "#0"
				},
				"up": {
					"uv": [10.75, 1.5, 10.25, 1],
					"texture": "#0"
				},
				"down": {
					"uv": [10.75, 1.5, 10.25, 2],
					"texture": "#0"
				}
			}
		}
	]
}