{
	"textures": {
		"0": "animated_java:blueprint/dummy/dumy",
		"particle": "minecraft:item/pufferfish"
	},
	"display": {
		"head": {
			"rotation": [0, 180, 0]
		}
	},
	"elements": [
		{
			"from": [8, 7, 7],
			"to": [19, 9, 9],
			"rotation": {
				"angle": 0,
				"axis": "y",
				"origin": [8, 3, 8]
			},
			"faces": {
				"north": {
					"uv": [8, 7.25, 10.75, 7.75],
					"texture": "#0"
				},
				"east": {
					"uv": [10.25, 3, 10.75, 3.5],
					"texture": "#0"
				},
				"south": {
					"uv": [4.75, 8.25, 7.5, 8.75],
					"texture": "#0"
				},
				"west": {
					"uv": [10.25, 3.5, 10.75, 4],
					"texture": "#0"
				},
				"up": {
					"uv": [10.25, 8.75, 7.5, 8.25],
					"texture": "#0"
				},
				"down": {
					"uv": [4.75, 8.5, 2, 9],
					"texture": "#0"
				}
			}
		},
		{
			"from": [8, 6, 6],
			"to": [13, 10, 10],
			"rotation": {
				"angle": 0,
				"axis": "y",
				"origin": [13, 3, 8]
			},
			"faces": {
				"north": {
					"uv": [9, 1, 10.25, 2],
					"texture": "#0"
				},
				"east": {
					"uv": [9.75, 9.75, 10.75, 10.75],
					"texture": "#0"
				},
				"south": {
					"uv": [2, 9, 3.25, 10],
					"texture": "#0"
				},
				"west": {
					"uv": [10, 0, 11, 1],
					"texture": "#0"
				},
				"up": {
					"uv": [10.25, 3, 9, 2],
					"texture": "#0"
				},
				"down": {
					"uv": [10.25, 3, 9, 4],
					"texture": "#0"
				}
			}
		},
		{
			"from": [13, 10, 10],
			"to": [8, 6, 6],
			"rotation": {
				"angle": 0,
				"axis": "y",
				"origin": [13, 3, 8]
			},
			"faces": {
				"north": {
					"uv": [2, 10, 3.25, 9],
					"texture": "#0"
				},
				"east": {
					"uv": [10, 1, 11, 0],
					"texture": "#0"
				},
				"south": {
					"uv": [9, 2, 10.25, 1],
					"texture": "#0"
				},
				"west": {
					"uv": [9.75, 10.75, 10.75, 9.75],
					"texture": "#0"
				},
				"up": {
					"uv": [9, 3, 10.25, 4],
					"texture": "#0"
				},
				"down": {
					"uv": [9, 3, 10.25, 2],
					"texture": "#0"
				}
			}
		}
	]
}