{
	"textures": {
		"0": "animated_java:blueprint/dummy/dumy",
		"particle": "minecraft:item/pufferfish"
	},
	"display": {
		"head": {
			"rotation": [0, 180, 0]
		}
	},
	"elements": [
		{
			"from": [4, 8, 4],
			"to": [12, 11, 12],
			"faces": {
				"north": {
					"uv": [7, 4, 9, 4.75],
					"texture": "#0"
				},
				"east": {
					"uv": [7, 4.75, 9, 5.5],
					"texture": "#0"
				},
				"south": {
					"uv": [7, 5.5, 9, 6.25],
					"texture": "#0"
				},
				"west": {
					"uv": [6, 7, 8, 7.75],
					"texture": "#0"
				},
				"up": {
					"uv": [7, 6, 5, 4],
					"texture": "#0"
				},
				"down": {
					"uv": [4, 6, 2, 8],
					"texture": "#0"
				}
			}
		},
		{
			"from": [5, 8, 3],
			"to": [11, 11, 4],
			"rotation": {
				"angle": 0,
				"axis": "y",
				"origin": [4, 8, 1]
			},
			"faces": {
				"north": {
					"uv": [3.25, 9, 4.75, 9.75],
					"texture": "#0"
				},
				"east": {
					"uv": [1.25, 10.25, 1.5, 11],
					"texture": "#0"
				},
				"south": {
					"uv": [9, 4, 10.5, 4.75],
					"texture": "#0"
				},
				"west": {
					"uv": [10.25, 7.75, 10.5, 8.5],
					"texture": "#0"
				},
				"up": {
					"uv": [10.25, 8, 8.75, 7.75],
					"texture": "#0"
				},
				"down": {
					"uv": [10.25, 8, 8.75, 8.25],
					"texture": "#0"
				}
			}
		},
		{
			"from": [5, 8, 12],
			"to": [11, 11, 13],
			"rotation": {
				"angle": 0,
				"axis": "y",
				"origin": [4, 8, 10]
			},
			"faces": {
				"north": {
					"uv": [9, 4.75, 10.5, 5.5],
					"texture": "#0"
				},
				"east": {
					"uv": [3.25, 10.5, 3.5, 11.25],
					"texture": "#0"
				},
				"south": {
					"uv": [9, 5.5, 10.5, 6.25],
					"texture": "#0"
				},
				"west": {
					"uv": [3.5, 10.5, 3.75, 11.25],
					"texture": "#0"
				},
				"up": {
					"uv": [11.25, 6.5, 9.75, 6.25],
					"texture": "#0"
				},
				"down": {
					"uv": [11.25, 6.5, 9.75, 6.75],
					"texture": "#0"
				}
			}
		},
		{
			"from": [3, 8, 5],
			"to": [4, 11, 11],
			"rotation": {
				"angle": 0,
				"axis": "y",
				"origin": [0, 8, 8]
			},
			"faces": {
				"north": {
					"uv": [3.75, 10.5, 4, 11.25],
					"texture": "#0"
				},
				"east": {
					"uv": [0, 9.5, 1.5, 10.25],
					"texture": "#0"
				},
				"south": {
					"uv": [4, 10.5, 4.25, 11.25],
					"texture": "#0"
				},
				"west": {
					"uv": [3.25, 9.75, 4.75, 10.5],
					"texture": "#0"
				},
				"up": {
					"uv": [3.25, 11.5, 3, 10],
					"texture": "#0"
				},
				"down": {
					"uv": [0.75, 10.25, 0.5, 11.75],
					"texture": "#0"
				}
			}
		},
		{
			"from": [12, 8, 5],
			"to": [13, 11, 11],
			"rotation": {
				"angle": 0,
				"axis": "y",
				"origin": [16, 8, 8]
			},
			"faces": {
				"north": {
					"uv": [10.5, 4, 10.75, 4.75],
					"texture": "#0"
				},
				"east": {
					"uv": [4.75, 9.75, 6.25, 10.5],
					"texture": "#0"
				},
				"south": {
					"uv": [4.25, 10.5, 4.5, 11.25],
					"texture": "#0"
				},
				"west": {
					"uv": [6.25, 9.75, 7.75, 10.5],
					"texture": "#0"
				},
				"up": {
					"uv": [1, 11.75, 0.75, 10.25],
					"texture": "#0"
				},
				"down": {
					"uv": [1.25, 10.25, 1, 11.75],
					"texture": "#0"
				}
			}
		}
	]
}