{
	"textures": {
		"0": "animated_java:blueprint/runeweaver/book",
		"particle": "minecraft:item/pufferfish"
	},
	"display": {
		"head": {
			"rotation": [0, 180, 0]
		}
	},
	"elements": [
		{
			"from": [7, 8, -0.25],
			"to": [9, 9, 9.25],
			"rotation": {
				"angle": 0,
				"axis": "y",
				"origin": [8, 8, 8]
			},
			"faces": {
				"north": {
					"uv": [7, 5, 8, 5.5],
					"texture": "#0"
				},
				"east": {
					"uv": [7, 0, 12, 0.5],
					"texture": "#0"
				},
				"south": {
					"uv": [7, 5.5, 8, 6],
					"texture": "#0"
				},
				"west": {
					"uv": [7, 0.5, 12, 1],
					"texture": "#0"
				},
				"up": {
					"uv": [7, 5, 6, 0],
					"texture": "#0"
				},
				"down": {
					"uv": [7, 5, 6, 10],
					"texture": "#0"
				}
			}
		},
		{
			"from": [1.41858, 9.22731, 0],
			"to": [7.41858, 10.22731, 9],
			"rotation": {
				"angle": -22.5,
				"axis": "z",
				"origin": [4.41858, 9.72731, 4.5]
			},
			"faces": {
				"north": {
					"uv": [7, 3, 10, 3.5],
					"texture": "#0"
				},
				"east": {
					"uv": [7, 1, 11.5, 1.5],
					"texture": "#0"
				},
				"south": {
					"uv": [7, 3.5, 10, 4],
					"texture": "#0"
				},
				"west": {
					"uv": [7, 1.5, 11.5, 2],
					"texture": "#0"
				},
				"up": {
					"uv": [3, 4.5, 0, 0],
					"texture": "#0"
				},
				"down": {
					"uv": [6, 0, 3, 4.5],
					"texture": "#0"
				}
			}
		},
		{
			"from": [8.59358, 9.22731, 0],
			"to": [14.59358, 10.22731, 9],
			"rotation": {
				"angle": 22.5,
				"axis": "z",
				"origin": [11.59358, 9.72731, 4.5]
			},
			"faces": {
				"north": {
					"uv": [7, 4, 10, 4.5],
					"texture": "#0"
				},
				"east": {
					"uv": [7, 2, 11.5, 2.5],
					"texture": "#0"
				},
				"south": {
					"uv": [7, 4.5, 10, 5],
					"texture": "#0"
				},
				"west": {
					"uv": [7, 2.5, 11.5, 3],
					"texture": "#0"
				},
				"up": {
					"uv": [3, 9, 0, 4.5],
					"texture": "#0"
				},
				"down": {
					"uv": [6, 4.5, 3, 9],
					"texture": "#0"
				}
			}
		}
	]
}