{
	"textures": {
		"0": "animated_java:blueprint/sack2/sack",
		"particle": "minecraft:item/pufferfish"
	},
	"display": {
		"head": {
			"rotation": [0, 180, 0]
		}
	},
	"elements": [
		{
			"from": [5.5, 8, 5.5],
			"to": [10.5, 13, 10.5],
			"rotation": {
				"angle": 0,
				"axis": "y",
				"origin": [8, 9, 8]
			},
			"faces": {
				"north": {
					"uv": [0, 0, 2.5, 2.5],
					"texture": "#0"
				},
				"east": {
					"uv": [0, 2.5, 2.5, 5],
					"texture": "#0"
				},
				"south": {
					"uv": [2.5, 0, 5, 2.5],
					"texture": "#0"
				},
				"west": {
					"uv": [2.5, 2.5, 5, 5],
					"texture": "#0"
				},
				"up": {
					"uv": [2.5, 7.5, 0, 5],
					"texture": "#0"
				},
				"down": {
					"uv": [7.5, 0, 5, 2.5],
					"texture": "#0"
				}
			}
		},
		{
			"from": [6, 14, 6],
			"to": [10, 15, 10],
			"rotation": {
				"angle": 0,
				"axis": "y",
				"origin": [8, 14, 8]
			},
			"faces": {
				"north": {
					"uv": [7, 4, 9, 4.5],
					"texture": "#0"
				},
				"east": {
					"uv": [7.5, 1.5, 9.5, 2],
					"texture": "#0"
				},
				"south": {
					"uv": [7.5, 2, 9.5, 2.5],
					"texture": "#0"
				},
				"west": {
					"uv": [7.5, 4.5, 9.5, 5],
					"texture": "#0"
				},
				"up": {
					"uv": [4.5, 7, 2.5, 5],
					"texture": "#0"
				},
				"down": {
					"uv": [7.5, 0.5, 5.5, 2.5],
					"texture": "#0"
				}
			}
		},
		{
			"from": [6.5, 13, 6.5],
			"to": [9.5, 14, 9.5],
			"rotation": {
				"angle": 0,
				"axis": "y",
				"origin": [8, 13, 8]
			},
			"faces": {
				"north": {
					"uv": [5, 4.5, 6, 5],
					"texture": "#0"
				},
				"east": {
					"uv": [8.5, 3, 9.5, 3.5],
					"texture": "#0"
				},
				"south": {
					"uv": [8.5, 3.5, 9.5, 4],
					"texture": "#0"
				},
				"west": {
					"uv": [8.5, 5, 9.5, 5.5],
					"texture": "#0"
				},
				"up": {
					"uv": [2.5, 8.5, 1.5, 7.5],
					"texture": "#0"
				},
				"down": {
					"uv": [8.5, 5, 7.5, 6],
					"texture": "#0"
				}
			}
		},
		{
			"from": [10.5, 8, 6.5],
			"to": [11.5, 11, 9.5],
			"rotation": {
				"angle": 0,
				"axis": "y",
				"origin": [13, 8, 8]
			},
			"faces": {
				"north": {
					"uv": [4, 7, 4.5, 8.5],
					"texture": "#0"
				},
				"east": {
					"uv": [4.5, 5, 6, 6.5],
					"texture": "#0"
				},
				"south": {
					"uv": [6, 7.5, 6.5, 9],
					"texture": "#0"
				},
				"west": {
					"uv": [6, 4.5, 7.5, 6],
					"texture": "#0"
				},
				"up": {
					"uv": [8, 7.5, 7.5, 6],
					"texture": "#0"
				},
				"down": {
					"uv": [7, 7.5, 6.5, 9],
					"texture": "#0"
				}
			}
		},
		{
			"from": [4.5, 8, 6.5],
			"to": [5.5, 11, 9.5],
			"rotation": {
				"angle": 0,
				"axis": "y",
				"origin": [7, 8, 8]
			},
			"faces": {
				"north": {
					"uv": [7, 7.5, 7.5, 9],
					"texture": "#0"
				},
				"east": {
					"uv": [6, 6, 7.5, 7.5],
					"texture": "#0"
				},
				"south": {
					"uv": [7.5, 7.5, 8, 9],
					"texture": "#0"
				},
				"west": {
					"uv": [4.5, 6.5, 6, 8],
					"texture": "#0"
				},
				"up": {
					"uv": [5, 9.5, 4.5, 8],
					"texture": "#0"
				},
				"down": {
					"uv": [5.5, 8, 5, 9.5],
					"texture": "#0"
				}
			}
		},
		{
			"from": [6.5, 8, 10.5],
			"to": [9.5, 11, 11.5],
			"rotation": {
				"angle": 0,
				"axis": "y",
				"origin": [10, 8, 11.75]
			},
			"faces": {
				"north": {
					"uv": [2.5, 7, 4, 8.5],
					"texture": "#0"
				},
				"east": {
					"uv": [5.5, 8, 6, 9.5],
					"texture": "#0"
				},
				"south": {
					"uv": [7, 2.5, 8.5, 4],
					"texture": "#0"
				},
				"west": {
					"uv": [8, 6, 8.5, 7.5],
					"texture": "#0"
				},
				"up": {
					"uv": [9.5, 8, 8, 7.5],
					"texture": "#0"
				},
				"down": {
					"uv": [9.5, 8, 8, 8.5],
					"texture": "#0"
				}
			}
		},
		{
			"from": [6.5, 8, 4.5],
			"to": [9.5, 11, 5.5],
			"rotation": {
				"angle": 0,
				"axis": "y",
				"origin": [10, 8, 5.75]
			},
			"faces": {
				"north": {
					"uv": [0, 7.5, 1.5, 9],
					"texture": "#0"
				},
				"east": {
					"uv": [1.5, 8.5, 2, 10],
					"texture": "#0"
				},
				"south": {
					"uv": [7.5, 0, 9, 1.5],
					"texture": "#0"
				},
				"west": {
					"uv": [2, 8.5, 2.5, 10],
					"texture": "#0"
				},
				"up": {
					"uv": [4, 9, 2.5, 8.5],
					"texture": "#0"
				},
				"down": {
					"uv": [10, 2.5, 8.5, 3],
					"texture": "#0"
				}
			}
		}
	]
}