{
	"format_version": "1.9.0",
	"credit": "Made with Blockbench",
	"texture_size": [32, 32],
	"textures": {
		"0": "custom/blocks/decorations/candle_holder",
		"particle": "custom/blocks/decorations/candle_holder"
	},
	"elements": [
		{
			"from": [6, 14, 6],
			"to": [10, 15, 10],
			"rotation": {"angle": 0, "axis": "y", "origin": [7, 13, 7]},
			"faces": {
				"north": {"uv": [0, 10, 2, 10.5], "texture": "#0"},
				"east": {"uv": [10, 0, 12, 0.5], "texture": "#0"},
				"south": {"uv": [10, 0.5, 12, 1], "texture": "#0"},
				"west": {"uv": [10, 1, 12, 1.5], "texture": "#0"},
				"up": {"uv": [6, 8, 4, 6], "texture": "#0"},
				"down": {"uv": [8, 6, 6, 8], "texture": "#0"}
			}
		},
		{
			"from": [6, 10, 6],
			"to": [10, 11, 10],
			"rotation": {"angle": 0, "axis": "y", "origin": [7, 9, 7]},
			"faces": {
				"north": {"uv": [10, 1.5, 12, 2], "texture": "#0"},
				"east": {"uv": [10, 2, 12, 2.5], "texture": "#0"},
				"south": {"uv": [10, 2.5, 12, 3], "texture": "#0"},
				"west": {"uv": [10, 3, 12, 3.5], "texture": "#0"},
				"up": {"uv": [9, 2, 7, 0], "texture": "#0"},
				"down": {"uv": [9, 2, 7, 4], "texture": "#0"}
			}
		},
		{
			"from": [6, 5, 11],
			"to": [10, 9, 12],
			"rotation": {"angle": 0, "axis": "x", "origin": [7, 6, 13]},
			"faces": {
				"north": {"uv": [7, 4, 9, 6], "texture": "#0"},
				"east": {"uv": [10, 8, 10.5, 10], "texture": "#0"},
				"south": {"uv": [0, 8, 2, 10], "texture": "#0"},
				"west": {"uv": [10, 10, 10.5, 12], "texture": "#0"},
				"up": {"uv": [12, 4, 10, 3.5], "texture": "#0"},
				"down": {"uv": [12, 4.5, 10, 5], "texture": "#0"}
			}
		},
		{
			"from": [5, 4, 15],
			"to": [11, 10, 16],
			"rotation": {"angle": 0, "axis": "x", "origin": [7, 6, 17]},
			"faces": {
				"north": {"uv": [4, 0, 7, 3], "texture": "#0"},
				"east": {"uv": [6, 9.5, 6.5, 12.5], "texture": "#0"},
				"south": {"uv": [4, 3, 7, 6], "texture": "#0"},
				"west": {"uv": [6.5, 9.5, 7, 12.5], "texture": "#0"},
				"up": {"uv": [11, 8, 8, 7.5], "texture": "#0"},
				"down": {"uv": [12, 4, 9, 4.5], "texture": "#0"}
			}
		},
		{
			"from": [7, 11, 7],
			"to": [9, 14, 9],
			"rotation": {"angle": 0, "axis": "y", "origin": [7, 10, 7]},
			"faces": {
				"north": {"uv": [9, 4.5, 10, 6], "texture": "#0"},
				"east": {"uv": [7, 9.5, 8, 11], "texture": "#0"},
				"south": {"uv": [8, 9.5, 9, 11], "texture": "#0"},
				"west": {"uv": [9, 9.5, 10, 11], "texture": "#0"},
				"up": {"uv": [11, 6, 10, 5], "texture": "#0"},
				"down": {"uv": [1, 10.5, 0, 11.5], "texture": "#0"}
			}
		},
		{
			"from": [7, 6, 12],
			"to": [9, 8, 16],
			"rotation": {"angle": 0, "axis": "x", "origin": [7, 8, 11]},
			"faces": {
				"north": {"uv": [1, 10.5, 2, 11.5], "texture": "#0"},
				"east": {"uv": [6, 8.5, 8, 9.5], "texture": "#0"},
				"south": {"uv": [10.5, 8, 11.5, 9], "texture": "#0"},
				"west": {"uv": [8, 8.5, 10, 9.5], "texture": "#0"},
				"up": {"uv": [10, 2, 9, 0], "texture": "#0"},
				"down": {"uv": [10, 2, 9, 4], "texture": "#0"}
			}
		},
		{
			"from": [7.001, 6.001, 11.001],
			"to": [8.999, 11.999, 12.999],
			"rotation": {"angle": -45, "axis": "x", "origin": [7, 6, 11]},
			"faces": {
				"north": {"uv": [2, 8, 3, 11], "texture": "#0"},
				"east": {"uv": [3, 8, 4, 11], "texture": "#0"},
				"south": {"uv": [4, 8, 5, 11], "texture": "#0"},
				"west": {"uv": [5, 8, 6, 11], "texture": "#0"},
				"up": {"uv": [11.5, 10, 10.5, 9], "texture": "#0"},
				"down": {"uv": [11.5, 10, 10.5, 11], "texture": "#0"}
			}
		},
		{
			"from": [4, 15, 4],
			"to": [12, 16, 12],
			"rotation": {"angle": 0, "axis": "y", "origin": [7, 14, 7]},
			"faces": {
				"north": {"uv": [6, 8, 10, 8.5], "texture": "#0"},
				"east": {"uv": [8, 6, 12, 6.5], "texture": "#0"},
				"south": {"uv": [8, 6.5, 12, 7], "texture": "#0"},
				"west": {"uv": [8, 7, 12, 7.5], "texture": "#0"},
				"up": {"uv": [4, 4, 0, 0], "texture": "#0"},
				"down": {"uv": [4, 4, 0, 8], "texture": "#0"}
			}
		}
	],
	"display": {
		"thirdperson_righthand": {
			"rotation": [47.5, 0, 0],
			"translation": [0, -1, -3]
		},
		"gui": {
			"rotation": [22.75, -61.75, 0],
			"translation": [1.25, 0, 0]
		}
	}
}