{
	"textures": {
		"1": "animated_java:blueprint/chest/chest",
		"particle": "minecraft:item/pufferfish"
	},
	"display": {
		"head": {
			"rotation": [0, 180, 0]
		}
	},
	"elements": [
		{
			"from": [11, 5.71091, 12.48915],
			"to": [13, 10.71091, 13.48915],
			"rotation": {
				"angle": 0,
				"axis": "y",
				"origin": [13, 5.71091, 12.48915]
			},
			"faces": {
				"north": {
					"uv": [6.25, 0.625, 6.5, 1.25],
					"texture": "#1"
				},
				"east": {
					"uv": [3.25, 8.125, 3.375, 8.75],
					"texture": "#1"
				},
				"south": {
					"uv": [5, 6.375, 5.25, 7],
					"texture": "#1"
				},
				"west": {
					"uv": [3.375, 8.125, 3.5, 8.75],
					"texture": "#1"
				},
				"up": {
					"uv": [7.25, 4.25, 7, 4.125],
					"texture": "#1"
				},
				"down": {
					"uv": [7.75, 5.375, 7.5, 5.5],
					"texture": "#1"
				}
			}
		},
		{
			"from": [3, 5.71091, 12.48915],
			"to": [5, 10.71091, 13.48915],
			"rotation": {
				"angle": 0,
				"axis": "y",
				"origin": [5, 5.71091, 12.48915]
			},
			"faces": {
				"north": {
					"uv": [5.25, 6.375, 5.5, 7],
					"texture": "#1"
				},
				"east": {
					"uv": [8, 4.375, 8.125, 5],
					"texture": "#1"
				},
				"south": {
					"uv": [5.5, 6.375, 5.75, 7],
					"texture": "#1"
				},
				"west": {
					"uv": [8, 5.75, 8.125, 6.375],
					"texture": "#1"
				},
				"up": {
					"uv": [8, 5.75, 7.75, 5.625],
					"texture": "#1"
				},
				"down": {
					"uv": [2.5, 8.5, 2.25, 8.625],
					"texture": "#1"
				}
			}
		},
		{
			"from": [16, 5.71091, 3.48915],
			"to": [17, 10.71091, 11.48915],
			"rotation": {
				"angle": 0,
				"axis": "y",
				"origin": [25, 5.71091, 4.48915]
			},
			"faces": {
				"north": {
					"uv": [8, 7.375, 8.125, 8],
					"texture": "#1"
				},
				"east": {
					"uv": [4, 3.625, 5, 4.25],
					"texture": "#1"
				},
				"south": {
					"uv": [8, 8.125, 8.125, 8.75],
					"texture": "#1"
				},
				"west": {
					"uv": [0, 4.25, 1, 4.875],
					"texture": "#1"
				},
				"up": {
					"uv": [1.5, 8.125, 1.375, 7.125],
					"texture": "#1"
				},
				"down": {
					"uv": [5, 7.125, 4.875, 8.125],
					"texture": "#1"
				}
			}
		},
		{
			"from": [16, 5.71091, 11.48915],
			"to": [18, 10.71091, 13.48915],
			"rotation": {
				"angle": 0,
				"axis": "y",
				"origin": [18, 5.71091, 12.48915]
			},
			"faces": {
				"north": {
					"uv": [5.75, 6.375, 6, 7],
					"texture": "#1"
				},
				"east": {
					"uv": [6, 6.375, 6.25, 7],
					"texture": "#1"
				},
				"south": {
					"uv": [6.25, 6.375, 6.5, 7],
					"texture": "#1"
				},
				"west": {
					"uv": [2, 6.5, 2.25, 7.125],
					"texture": "#1"
				},
				"up": {
					"uv": [8.375, 4, 8.125, 3.75],
					"texture": "#1"
				},
				"down": {
					"uv": [3.125, 8.25, 2.875, 8.5],
					"texture": "#1"
				}
			}
		},
		{
			"from": [-2, 5.71091, 11.48915],
			"to": [0, 10.71091, 13.48915],
			"rotation": {
				"angle": 0,
				"axis": "y",
				"origin": [0, 5.71091, 12.48915]
			},
			"faces": {
				"north": {
					"uv": [2.25, 6.5, 2.5, 7.125],
					"texture": "#1"
				},
				"east": {
					"uv": [2.5, 6.5, 2.75, 7.125],
					"texture": "#1"
				},
				"south": {
					"uv": [2.75, 6.5, 3, 7.125],
					"texture": "#1"
				},
				"west": {
					"uv": [3, 6.5, 3.25, 7.125],
					"texture": "#1"
				},
				"up": {
					"uv": [8.5, 3.625, 8.25, 3.375],
					"texture": "#1"
				},
				"down": {
					"uv": [3.75, 8.25, 3.5, 8.5],
					"texture": "#1"
				}
			}
		},
		{
			"from": [-2, 5.71091, 1.48915],
			"to": [0, 10.71091, 3.48915],
			"rotation": {
				"angle": 0,
				"axis": "y",
				"origin": [0, 5.71091, 2.48915]
			},
			"faces": {
				"north": {
					"uv": [3.25, 6.5, 3.5, 7.125],
					"texture": "#1"
				},
				"east": {
					"uv": [3.5, 6.5, 3.75, 7.125],
					"texture": "#1"
				},
				"south": {
					"uv": [3.75, 6.5, 4, 7.125],
					"texture": "#1"
				},
				"west": {
					"uv": [4, 6.5, 4.25, 7.125],
					"texture": "#1"
				},
				"up": {
					"uv": [4, 8.5, 3.75, 8.25],
					"texture": "#1"
				},
				"down": {
					"uv": [8.5, 4.25, 8.25, 4.5],
					"texture": "#1"
				}
			}
		},
		{
			"from": [16, 5.71091, 1.48915],
			"to": [18, 10.71091, 3.48915],
			"rotation": {
				"angle": 0,
				"axis": "y",
				"origin": [18, 5.71091, 2.48915]
			},
			"faces": {
				"north": {
					"uv": [4.25, 6.5, 4.5, 7.125],
					"texture": "#1"
				},
				"east": {
					"uv": [4.5, 6.5, 4.75, 7.125],
					"texture": "#1"
				},
				"south": {
					"uv": [4.75, 6.5, 5, 7.125],
					"texture": "#1"
				},
				"west": {
					"uv": [6.5, 0.625, 6.75, 1.25],
					"texture": "#1"
				},
				"up": {
					"uv": [8.5, 4.75, 8.25, 4.5],
					"texture": "#1"
				},
				"down": {
					"uv": [4.875, 8.25, 4.625, 8.5],
					"texture": "#1"
				}
			}
		},
		{
			"from": [3, 5.71091, 1.48915],
			"to": [5, 10.71091, 2.48915],
			"rotation": {
				"angle": 0,
				"axis": "y",
				"origin": [5, 5.71091, 2.48915]
			},
			"faces": {
				"north": {
					"uv": [6.5, 6.375, 6.75, 7],
					"texture": "#1"
				},
				"east": {
					"uv": [1.375, 8.25, 1.5, 8.875],
					"texture": "#1"
				},
				"south": {
					"uv": [6.75, 0.625, 7, 1.25],
					"texture": "#1"
				},
				"west": {
					"uv": [8.125, 3.125, 8.25, 3.75],
					"texture": "#1"
				},
				"up": {
					"uv": [8.75, 4.625, 8.5, 4.5],
					"texture": "#1"
				},
				"down": {
					"uv": [4.875, 8.5, 4.625, 8.625],
					"texture": "#1"
				}
			}
		},
		{
			"from": [11, 5.71091, 1.48915],
			"to": [13, 10.71091, 2.48915],
			"rotation": {
				"angle": 0,
				"axis": "y",
				"origin": [13, 5.71091, 2.48915]
			},
			"faces": {
				"north": {
					"uv": [6.75, 3.625, 7, 4.25],
					"texture": "#1"
				},
				"east": {
					"uv": [8.125, 4.375, 8.25, 5],
					"texture": "#1"
				},
				"south": {
					"uv": [6.75, 6.375, 7, 7],
					"texture": "#1"
				},
				"west": {
					"uv": [4.875, 8.25, 5, 8.875],
					"texture": "#1"
				},
				"up": {
					"uv": [8.75, 4.75, 8.5, 4.625],
					"texture": "#1"
				},
				"down": {
					"uv": [8.75, 4.75, 8.5, 4.875],
					"texture": "#1"
				}
			}
		},
		{
			"from": [0, 5.71091, 11.48915],
			"to": [16, 10.71091, 12.48915],
			"rotation": {
				"angle": 0,
				"axis": "y",
				"origin": [9, 5.71091, 11.48915]
			},
			"faces": {
				"north": {
					"uv": [2.25, 0.125, 4.25, 0.75],
					"texture": "#1"
				},
				"east": {
					"uv": [8.125, 5.75, 8.25, 6.375],
					"texture": "#1"
				},
				"south": {
					"uv": [2.25, 0.875, 4.25, 1.5],
					"texture": "#1"
				},
				"west": {
					"uv": [6.5, 8.25, 6.625, 8.875],
					"texture": "#1"
				},
				"up": {
					"uv": [4, 5.875, 2, 5.75],
					"texture": "#1"
				},
				"down": {
					"uv": [6, 5.75, 4, 5.875],
					"texture": "#1"
				}
			}
		},
		{
			"from": [0, 5.71091, 2.48915],
			"to": [16, 10.71091, 3.48915],
			"rotation": {
				"angle": 0,
				"axis": "y",
				"origin": [9, 5.71091, 2.48915]
			},
			"faces": {
				"north": {
					"uv": [2.25, 1.625, 4.25, 2.25],
					"texture": "#1"
				},
				"east": {
					"uv": [6.625, 8.25, 6.75, 8.875],
					"texture": "#1"
				},
				"south": {
					"uv": [2.25, 2.375, 4.25, 3],
					"texture": "#1"
				},
				"west": {
					"uv": [8.125, 7.375, 8.25, 8],
					"texture": "#1"
				},
				"up": {
					"uv": [7.75, 4.375, 5.75, 4.25],
					"texture": "#1"
				},
				"down": {
					"uv": [7.75, 4.375, 5.75, 4.5],
					"texture": "#1"
				}
			}
		},
		{
			"from": [-1, 5.71091, 3.48915],
			"to": [0, 10.71091, 11.48915],
			"rotation": {
				"angle": 0,
				"axis": "y",
				"origin": [8, 5.71091, 4.48915]
			},
			"faces": {
				"north": {
					"uv": [8.125, 8.125, 8.25, 8.75],
					"texture": "#1"
				},
				"east": {
					"uv": [1, 4.25, 2, 4.875],
					"texture": "#1"
				},
				"south": {
					"uv": [8.25, 0.125, 8.375, 0.75],
					"texture": "#1"
				},
				"west": {
					"uv": [2, 4.25, 3, 4.875],
					"texture": "#1"
				},
				"up": {
					"uv": [1.125, 8.375, 1, 7.375],
					"texture": "#1"
				},
				"down": {
					"uv": [4.125, 7.375, 4, 8.375],
					"texture": "#1"
				}
			}
		},
		{
			"from": [-2, 3.71091, 4.48915],
			"to": [-1, 5.71091, 10.48915],
			"rotation": {
				"angle": 0,
				"axis": "y",
				"origin": [-1, 3.71091, 7.48915]
			},
			"faces": {
				"north": {
					"uv": [7.875, 1.125, 8, 1.375],
					"texture": "#1"
				},
				"east": {
					"uv": [6.25, 1.25, 7, 1.5],
					"texture": "#1"
				},
				"south": {
					"uv": [3.125, 8.25, 3.25, 8.5],
					"texture": "#1"
				},
				"west": {
					"uv": [6.75, 4.75, 7.5, 5],
					"texture": "#1"
				},
				"up": {
					"uv": [8.375, 1.5, 8.25, 0.75],
					"texture": "#1"
				},
				"down": {
					"uv": [1.25, 8.25, 1.125, 9],
					"texture": "#1"
				}
			}
		},
		{
			"from": [17, 3.71091, 4.48915],
			"to": [18, 5.71091, 10.48915],
			"rotation": {
				"angle": 0,
				"axis": "y",
				"origin": [17, 3.71091, 7.48915]
			},
			"faces": {
				"north": {
					"uv": [3.875, 8.5, 4, 8.75],
					"texture": "#1"
				},
				"east": {
					"uv": [0, 6.875, 0.75, 7.125],
					"texture": "#1"
				},
				"south": {
					"uv": [5.25, 8.5, 5.375, 8.75],
					"texture": "#1"
				},
				"west": {
					"uv": [0.75, 6.875, 1.5, 7.125],
					"texture": "#1"
				},
				"up": {
					"uv": [1.375, 9, 1.25, 8.25],
					"texture": "#1"
				},
				"down": {
					"uv": [8.375, 1.5, 8.25, 2.25],
					"texture": "#1"
				}
			}
		},
		{
			"from": [-3, 3.71091, 10.48915],
			"to": [1, 5.71091, 14.48915],
			"rotation": {
				"angle": 0,
				"axis": "y",
				"origin": [-1, 3.71091, 13.48915]
			},
			"faces": {
				"north": {
					"uv": [4.125, 7.375, 4.625, 7.625],
					"texture": "#1"
				},
				"east": {
					"uv": [7.5, 1.375, 8, 1.625],
					"texture": "#1"
				},
				"south": {
					"uv": [1.5, 7.5, 2, 7.75],
					"texture": "#1"
				},
				"west": {
					"uv": [7.5, 1.625, 8, 1.875],
					"texture": "#1"
				},
				"up": {
					"uv": [2.5, 5.375, 2, 4.875],
					"texture": "#1"
				},
				"down": {
					"uv": [3, 4.875, 2.5, 5.375],
					"texture": "#1"
				}
			}
		},
		{
			"from": [15, 3.71091, 10.48915],
			"to": [19, 5.71091, 14.48915],
			"rotation": {
				"angle": 0,
				"axis": "y",
				"origin": [17, 3.71091, 13.48915]
			},
			"faces": {
				"north": {
					"uv": [7.5, 4.75, 8, 5],
					"texture": "#1"
				},
				"east": {
					"uv": [7.5, 5.875, 8, 6.125],
					"texture": "#1"
				},
				"south": {
					"uv": [7.5, 6.125, 8, 6.375],
					"texture": "#1"
				},
				"west": {
					"uv": [7.5, 7.25, 8, 7.5],
					"texture": "#1"
				},
				"up": {
					"uv": [2.5, 6.375, 2, 5.875],
					"texture": "#1"
				},
				"down": {
					"uv": [3, 5.875, 2.5, 6.375],
					"texture": "#1"
				}
			}
		},
		{
			"from": [-3, 3.71091, 0.48915],
			"to": [1, 5.71091, 4.48915],
			"rotation": {
				"angle": 0,
				"axis": "y",
				"origin": [-1, 3.71091, 3.48915]
			},
			"faces": {
				"north": {
					"uv": [7.5, 7.5, 8, 7.75],
					"texture": "#1"
				},
				"east": {
					"uv": [7.625, 2.375, 8.125, 2.625],
					"texture": "#1"
				},
				"south": {
					"uv": [7.625, 2.625, 8.125, 2.875],
					"texture": "#1"
				},
				"west": {
					"uv": [4.125, 7.625, 4.625, 7.875],
					"texture": "#1"
				},
				"up": {
					"uv": [3.5, 6.375, 3, 5.875],
					"texture": "#1"
				},
				"down": {
					"uv": [4, 5.875, 3.5, 6.375],
					"texture": "#1"
				}
			}
		},
		{
			"from": [15, 3.71091, 0.48915],
			"to": [19, 5.71091, 4.48915],
			"rotation": {
				"angle": 0,
				"axis": "y",
				"origin": [17, 3.71091, 3.48915]
			},
			"faces": {
				"north": {
					"uv": [7.625, 6.375, 8.125, 6.625],
					"texture": "#1"
				},
				"east": {
					"uv": [7.625, 6.625, 8.125, 6.875],
					"texture": "#1"
				},
				"south": {
					"uv": [0, 7.75, 0.5, 8],
					"texture": "#1"
				},
				"west": {
					"uv": [1.5, 7.75, 2, 8],
					"texture": "#1"
				},
				"up": {
					"uv": [4.5, 6.375, 4, 5.875],
					"texture": "#1"
				},
				"down": {
					"uv": [5, 5.875, 4.5, 6.375],
					"texture": "#1"
				}
			}
		},
		{
			"from": [1, 3.71091, 1.48915],
			"to": [15, 5.71091, 2.48915],
			"rotation": {
				"angle": 0,
				"axis": "y",
				"origin": [3, 3.71091, 3.48915]
			},
			"faces": {
				"north": {
					"uv": [5, 3.5, 6.75, 3.75],
					"texture": "#1"
				},
				"east": {
					"uv": [5.375, 8.5, 5.5, 8.75],
					"texture": "#1"
				},
				"south": {
					"uv": [5, 3.75, 6.75, 4],
					"texture": "#1"
				},
				"west": {
					"uv": [5.5, 8.5, 5.625, 8.75],
					"texture": "#1"
				},
				"up": {
					"uv": [8, 0.125, 6.25, 0],
					"texture": "#1"
				},
				"down": {
					"uv": [8, 0.125, 6.25, 0.25],
					"texture": "#1"
				}
			}
		},
		{
			"from": [1, 3.71091, 12.48915],
			"to": [15, 5.71091, 13.48915],
			"rotation": {
				"angle": 0,
				"axis": "y",
				"origin": [3, 3.71091, 14.48915]
			},
			"faces": {
				"north": {
					"uv": [5, 4, 6.75, 4.25],
					"texture": "#1"
				},
				"east": {
					"uv": [8.5, 5.5, 8.625, 5.75],
					"texture": "#1"
				},
				"south": {
					"uv": [5, 4.75, 6.75, 5],
					"texture": "#1"
				},
				"west": {
					"uv": [5.625, 8.5, 5.75, 8.75],
					"texture": "#1"
				},
				"up": {
					"uv": [8, 0.375, 6.25, 0.25],
					"texture": "#1"
				},
				"down": {
					"uv": [8, 0.375, 6.25, 0.5],
					"texture": "#1"
				}
			}
		},
		{
			"from": [-3, 10.71091, 0.48915],
			"to": [19, 11.71091, 3.48915],
			"rotation": {
				"angle": 0,
				"axis": "y",
				"origin": [3, 10.71091, 3.48915]
			},
			"faces": {
				"north": {
					"uv": [9, 0.875, 11.75, 1],
					"texture": "#1"
				},
				"east": {
					"uv": [9, 1.125, 9.375, 1.25],
					"texture": "#1"
				},
				"south": {
					"uv": [9, 1, 11.75, 1.125],
					"texture": "#1"
				},
				"west": {
					"uv": [9.375, 1.125, 9.75, 1.25],
					"texture": "#1"
				},
				"up": {
					"uv": [11.75, 0.5, 9, 0.125],
					"texture": "#1"
				},
				"down": {
					"uv": [11.75, 0.5, 9, 0.875],
					"texture": "#1"
				}
			}
		},
		{
			"from": [-3, 10.71091, 3.48915],
			"to": [-1, 11.71091, 11.48915],
			"rotation": {
				"angle": 0,
				"axis": "y",
				"origin": [-2, 10.71091, 7.48915]
			},
			"faces": {
				"north": {
					"uv": [8.5, 5.875, 8.75, 6],
					"texture": "#1"
				},
				"east": {
					"uv": [6.625, 5.625, 7.625, 5.75],
					"texture": "#1"
				},
				"south": {
					"uv": [8.5, 6, 8.75, 6.125],
					"texture": "#1"
				},
				"west": {
					"uv": [7.125, 0.5, 8.125, 0.625],
					"texture": "#1"
				},
				"up": {
					"uv": [0.25, 6.75, 0, 5.75],
					"texture": "#1"
				},
				"down": {
					"uv": [0.5, 5.75, 0.25, 6.75],
					"texture": "#1"
				}
			}
		},
		{
			"from": [-3, 10.71091, 11.48915],
			"to": [19, 11.71091, 14.48915],
			"rotation": {
				"angle": 0,
				"axis": "y",
				"origin": [3, 10.71091, 14.48915]
			},
			"faces": {
				"north": {
					"uv": [9, 3.75, 11.75, 3.875],
					"texture": "#1"
				},
				"east": {
					"uv": [11.75, 3.75, 12.125, 3.875],
					"texture": "#1"
				},
				"south": {
					"uv": [9, 3.875, 11.75, 4],
					"texture": "#1"
				},
				"west": {
					"uv": [11.75, 3.875, 12.125, 4],
					"texture": "#1"
				},
				"up": {
					"uv": [11.75, 3.375, 9, 3],
					"texture": "#1"
				},
				"down": {
					"uv": [11.75, 3.375, 9, 3.75],
					"texture": "#1"
				}
			}
		},
		{
			"from": [0, 11.71091, 13.73915],
			"to": [3, 12.71091, 14.73915],
			"rotation": {
				"angle": -45,
				"axis": "x",
				"origin": [1.5, 12.21091, 14.73915]
			},
			"faces": {
				"north": {
					"uv": [3.625, 4.125, 4, 4.25],
					"texture": "#1"
				},
				"east": {
					"uv": [7.5, 6.375, 7.625, 6.5],
					"texture": "#1"
				},
				"south": {
					"uv": [7.875, 2.125, 8.25, 2.25],
					"texture": "#1"
				},
				"west": {
					"uv": [7.875, 2, 8, 2.125],
					"texture": "#1"
				},
				"up": {
					"uv": [1.875, 8.625, 1.5, 8.5],
					"texture": "#1"
				},
				"down": {
					"uv": [8.875, 2.25, 8.5, 2.375],
					"texture": "#1"
				}
			}
		},
		{
			"from": [13, 11.71091, 13.73915],
			"to": [16, 12.71091, 14.73915],
			"rotation": {
				"angle": -45,
				"axis": "x",
				"origin": [14.5, 12.21091, 14.73915]
			},
			"faces": {
				"north": {
					"uv": [2.875, 8.5, 3.25, 8.625],
					"texture": "#1"
				},
				"east": {
					"uv": [8, 3.375, 8.125, 3.5],
					"texture": "#1"
				},
				"south": {
					"uv": [8.5, 3.375, 8.875, 3.5],
					"texture": "#1"
				},
				"west": {
					"uv": [8.125, 2.75, 8.25, 2.875],
					"texture": "#1"
				},
				"up": {
					"uv": [3.875, 8.625, 3.5, 8.5],
					"texture": "#1"
				},
				"down": {
					"uv": [8.875, 3.5, 8.5, 3.625],
					"texture": "#1"
				}
			}
		},
		{
			"from": [17, 10.71091, 3.48915],
			"to": [19, 11.71091, 11.48915],
			"rotation": {
				"angle": 0,
				"axis": "y",
				"origin": [18, 10.71091, 7.48915]
			},
			"faces": {
				"north": {
					"uv": [8.5, 6.875, 8.75, 7],
					"texture": "#1"
				},
				"east": {
					"uv": [7.125, 0.625, 8.125, 0.75],
					"texture": "#1"
				},
				"south": {
					"uv": [8.5, 7.25, 8.75, 7.375],
					"texture": "#1"
				},
				"west": {
					"uv": [7.125, 0.75, 8.125, 0.875],
					"texture": "#1"
				},
				"up": {
					"uv": [0.75, 6.75, 0.5, 5.75],
					"texture": "#1"
				},
				"down": {
					"uv": [1, 5.75, 0.75, 6.75],
					"texture": "#1"
				}
			}
		},
		{
			"from": [-1, 4.71091, 2.48915],
			"to": [17, 5.73591, 12.48915],
			"rotation": {
				"angle": 0,
				"axis": "y",
				"origin": [0, 5.71091, 3.48915]
			},
			"faces": {
				"north": {
					"uv": [2, 5.625, 4.25, 5.75],
					"texture": "#1"
				},
				"east": {
					"uv": [7, 0.875, 8.25, 1],
					"texture": "#1"
				},
				"south": {
					"uv": [4.25, 5.625, 6.5, 5.75],
					"texture": "#1"
				},
				"west": {
					"uv": [7, 1, 8.25, 1.125],
					"texture": "#1"
				},
				"up": {
					"uv": [2.25, 1.25, 0, 0],
					"texture": "#1"
				},
				"down": {
					"uv": [2.25, 1.25, 0, 2.5],
					"texture": "#1"
				}
			}
		}
	]
}