{
	"textures": {
		"1": "animated_java:blueprint/chest/chest",
		"particle": "minecraft:item/pufferfish"
	},
	"display": {
		"head": {
			"rotation": [0, 180, 0]
		}
	},
	"elements": [
		{
			"from": [-1, 8.96286, -3.01515],
			"to": [0, 13.88786, 4.98485],
			"rotation": {
				"angle": 0,
				"axis": "y",
				"origin": [-9, 9.46286, -2.01515]
			},
			"faces": {
				"north": {
					"uv": [2, 8.25, 2.125, 8.875],
					"texture": "#1"
				},
				"east": {
					"uv": [3, 4.75, 4, 5.375],
					"texture": "#1"
				},
				"south": {
					"uv": [2.125, 8.25, 2.25, 8.875],
					"texture": "#1"
				},
				"west": {
					"uv": [4, 4.75, 5, 5.375],
					"texture": "#1"
				},
				"up": {
					"uv": [5.125, 8.625, 5, 7.625],
					"texture": "#1"
				},
				"down": {
					"uv": [5.25, 7.625, 5.125, 8.625],
					"texture": "#1"
				}
			}
		},
		{
			"from": [-2, 7.96286, -5.01515],
			"to": [0, 11.96286, -3.01515],
			"rotation": {
				"angle": 0,
				"axis": "y",
				"origin": [0, 7.96286, -4.01515]
			},
			"faces": {
				"north": {
					"uv": [2, 2.5, 2.25, 3],
					"texture": "#1"
				},
				"east": {
					"uv": [6.5, 7.625, 6.75, 8.125],
					"texture": "#1"
				},
				"south": {
					"uv": [1.125, 7.75, 1.375, 8.25],
					"texture": "#1"
				},
				"west": {
					"uv": [2, 7.75, 2.25, 8.25],
					"texture": "#1"
				},
				"up": {
					"uv": [8.5, 5, 8.25, 4.75],
					"texture": "#1"
				},
				"down": {
					"uv": [8.5, 5.5, 8.25, 5.75],
					"texture": "#1"
				}
			}
		},
		{
			"from": [-2.01, 11.20286, -5.27515],
			"to": [0.01, 16.22286, -3.25515],
			"rotation": {
				"angle": 45,
				"axis": "x",
				"origin": [0, 11.21286, -4.26515]
			},
			"faces": {
				"north": {
					"uv": [1.5, 6.875, 1.75, 7.5],
					"texture": "#1"
				},
				"east": {
					"uv": [1.75, 6.875, 2, 7.5],
					"texture": "#1"
				},
				"south": {
					"uv": [7, 1.125, 7.25, 1.75],
					"texture": "#1"
				},
				"west": {
					"uv": [7, 1.75, 7.25, 2.375],
					"texture": "#1"
				},
				"up": {
					"uv": [8.5, 6, 8.25, 5.75],
					"texture": "#1"
				},
				"down": {
					"uv": [8.5, 6, 8.25, 6.25],
					"texture": "#1"
				}
			}
		},
		{
			"from": [-2, 13.46286, -1.51515],
			"to": [0, 15.46286, 3.48485],
			"rotation": {
				"angle": 0,
				"axis": "y",
				"origin": [-1, 13.46286, 0.98485]
			},
			"faces": {
				"north": {
					"uv": [8.25, 6.75, 8.5, 7],
					"texture": "#1"
				},
				"east": {
					"uv": [7, 2.375, 7.625, 2.625],
					"texture": "#1"
				},
				"south": {
					"uv": [8.25, 7.25, 8.5, 7.5],
					"texture": "#1"
				},
				"west": {
					"uv": [7, 2.625, 7.625, 2.875],
					"texture": "#1"
				},
				"up": {
					"uv": [7.25, 4.125, 7, 3.5],
					"texture": "#1"
				},
				"down": {
					"uv": [5.25, 7, 5, 7.625],
					"texture": "#1"
				}
			}
		},
		{
			"from": [-2.01, 10.20286, 1.22485],
			"to": [0.01, 12.22286, 6.24485],
			"rotation": {
				"angle": 45,
				"axis": "x",
				"origin": [0, 11.21286, 6.23485]
			},
			"faces": {
				"north": {
					"uv": [7.5, 8.25, 7.75, 8.5],
					"texture": "#1"
				},
				"east": {
					"uv": [5.25, 7, 5.875, 7.25],
					"texture": "#1"
				},
				"south": {
					"uv": [8.25, 7.5, 8.5, 7.75],
					"texture": "#1"
				},
				"west": {
					"uv": [5.875, 7, 6.5, 7.25],
					"texture": "#1"
				},
				"up": {
					"uv": [7.25, 6.5, 7, 5.875],
					"texture": "#1"
				},
				"down": {
					"uv": [6.75, 7, 6.5, 7.625],
					"texture": "#1"
				}
			}
		},
		{
			"from": [-2, 7.96286, 4.98485],
			"to": [0, 11.96286, 6.98485],
			"rotation": {
				"angle": 0,
				"axis": "y",
				"origin": [0, 7.96286, 5.98485]
			},
			"faces": {
				"north": {
					"uv": [3.5, 7.75, 3.75, 8.25],
					"texture": "#1"
				},
				"east": {
					"uv": [3.75, 7.75, 4, 8.25],
					"texture": "#1"
				},
				"south": {
					"uv": [7.75, 4.25, 8, 4.75],
					"texture": "#1"
				},
				"west": {
					"uv": [4.625, 7.75, 4.875, 8.25],
					"texture": "#1"
				},
				"up": {
					"uv": [8, 8.5, 7.75, 8.25],
					"texture": "#1"
				},
				"down": {
					"uv": [8.5, 7.75, 8.25, 8],
					"texture": "#1"
				}
			}
		},
		{
			"from": [-0.01, 8.95286, 4.97485],
			"to": [16.01, 11.97286, 5.99485],
			"rotation": {
				"angle": 0,
				"axis": "y",
				"origin": [9, 9.46286, 5.98485]
			},
			"faces": {
				"north": {
					"uv": [4.25, 0, 6.25, 0.375],
					"texture": "#1"
				},
				"east": {
					"uv": [8, 3, 8.125, 3.375],
					"texture": "#1"
				},
				"south": {
					"uv": [4.25, 0.375, 6.25, 0.75],
					"texture": "#1"
				},
				"west": {
					"uv": [1, 8.375, 1.125, 8.75],
					"texture": "#1"
				},
				"up": {
					"uv": [7.75, 4.625, 5.75, 4.5],
					"texture": "#1"
				},
				"down": {
					"uv": [7.75, 4.625, 5.75, 4.75],
					"texture": "#1"
				}
			}
		},
		{
			"from": [0, 9.21286, 1.73485],
			"to": [16, 10.23786, 5.23485],
			"rotation": {
				"angle": 45,
				"axis": "x",
				"origin": [0, 10.21286, 7.73485]
			},
			"faces": {
				"north": {
					"uv": [5, 5.875, 7, 6],
					"texture": "#1"
				},
				"east": {
					"uv": [7.5, 1.875, 8, 2],
					"texture": "#1"
				},
				"south": {
					"uv": [6, 3, 8, 3.125],
					"texture": "#1"
				},
				"west": {
					"uv": [8.25, 3.625, 8.75, 3.75],
					"texture": "#1"
				},
				"up": {
					"uv": [2, 3.625, 0, 3.125],
					"texture": "#1"
				},
				"down": {
					"uv": [2, 3.625, 0, 4.125],
					"texture": "#1"
				}
			}
		},
		{
			"from": [2.99, 10.20286, 1.22485],
			"to": [5.01, 12.22286, 6.24485],
			"rotation": {
				"angle": 45,
				"axis": "x",
				"origin": [5, 11.21286, 6.23485]
			},
			"faces": {
				"north": {
					"uv": [8.25, 8, 8.5, 8.25],
					"texture": "#1"
				},
				"east": {
					"uv": [7, 6.5, 7.625, 6.75],
					"texture": "#1"
				},
				"south": {
					"uv": [8.25, 8.25, 8.5, 8.5],
					"texture": "#1"
				},
				"west": {
					"uv": [6.75, 7, 7.375, 7.25],
					"texture": "#1"
				},
				"up": {
					"uv": [0.25, 7.75, 0, 7.125],
					"texture": "#1"
				},
				"down": {
					"uv": [0.5, 7.125, 0.25, 7.75],
					"texture": "#1"
				}
			}
		},
		{
			"from": [3, 7.96286, 4.98485],
			"to": [5, 11.96286, 6.98485],
			"rotation": {
				"angle": 0,
				"axis": "y",
				"origin": [5, 7.96286, 5.98485]
			},
			"faces": {
				"north": {
					"uv": [7.75, 5, 8, 5.5],
					"texture": "#1"
				},
				"east": {
					"uv": [7.5, 7.75, 7.75, 8.25],
					"texture": "#1"
				},
				"south": {
					"uv": [7.75, 7.75, 8, 8.25],
					"texture": "#1"
				},
				"west": {
					"uv": [7.875, 3.5, 8.125, 4],
					"texture": "#1"
				},
				"up": {
					"uv": [8.625, 0.25, 8.375, 0],
					"texture": "#1"
				},
				"down": {
					"uv": [8.625, 0.25, 8.375, 0.5],
					"texture": "#1"
				}
			}
		},
		{
			"from": [11, 7.96286, 4.98485],
			"to": [13, 11.96286, 6.98485],
			"rotation": {
				"angle": 0,
				"axis": "y",
				"origin": [13, 7.96286, 5.98485]
			},
			"faces": {
				"north": {
					"uv": [4.125, 7.875, 4.375, 8.375],
					"texture": "#1"
				},
				"east": {
					"uv": [4.375, 7.875, 4.625, 8.375],
					"texture": "#1"
				},
				"south": {
					"uv": [5.25, 7.875, 5.5, 8.375],
					"texture": "#1"
				},
				"west": {
					"uv": [5.5, 7.875, 5.75, 8.375],
					"texture": "#1"
				},
				"up": {
					"uv": [8.625, 0.75, 8.375, 0.5],
					"texture": "#1"
				},
				"down": {
					"uv": [8.625, 0.75, 8.375, 1],
					"texture": "#1"
				}
			}
		},
		{
			"from": [10.99, 10.20286, 1.22485],
			"to": [13.01, 12.22286, 6.24485],
			"rotation": {
				"angle": 45,
				"axis": "x",
				"origin": [13, 11.21286, 6.23485]
			},
			"faces": {
				"north": {
					"uv": [8.375, 1, 8.625, 1.25],
					"texture": "#1"
				},
				"east": {
					"uv": [7, 6.75, 7.625, 7],
					"texture": "#1"
				},
				"south": {
					"uv": [8.375, 1.25, 8.625, 1.5],
					"texture": "#1"
				},
				"west": {
					"uv": [0.5, 7.125, 1.125, 7.375],
					"texture": "#1"
				},
				"up": {
					"uv": [1.375, 7.75, 1.125, 7.125],
					"texture": "#1"
				},
				"down": {
					"uv": [2.25, 7.125, 2, 7.75],
					"texture": "#1"
				}
			}
		},
		{
			"from": [15.99, 10.20286, 1.22485],
			"to": [18.01, 12.22286, 6.24485],
			"rotation": {
				"angle": 45,
				"axis": "x",
				"origin": [18, 11.21286, 6.23485]
			},
			"faces": {
				"north": {
					"uv": [8.375, 1.5, 8.625, 1.75],
					"texture": "#1"
				},
				"east": {
					"uv": [2.25, 7.125, 2.875, 7.375],
					"texture": "#1"
				},
				"south": {
					"uv": [8.375, 1.75, 8.625, 2],
					"texture": "#1"
				},
				"west": {
					"uv": [2.875, 7.125, 3.5, 7.375],
					"texture": "#1"
				},
				"up": {
					"uv": [3.75, 7.75, 3.5, 7.125],
					"texture": "#1"
				},
				"down": {
					"uv": [4, 7.125, 3.75, 7.75],
					"texture": "#1"
				}
			}
		},
		{
			"from": [16, 7.96286, 4.98485],
			"to": [18, 11.96286, 6.98485],
			"rotation": {
				"angle": 0,
				"axis": "y",
				"origin": [18, 7.96286, 5.98485]
			},
			"faces": {
				"north": {
					"uv": [5.75, 7.875, 6, 8.375],
					"texture": "#1"
				},
				"east": {
					"uv": [6, 7.875, 6.25, 8.375],
					"texture": "#1"
				},
				"south": {
					"uv": [6.25, 7.875, 6.5, 8.375],
					"texture": "#1"
				},
				"west": {
					"uv": [6.75, 7.875, 7, 8.375],
					"texture": "#1"
				},
				"up": {
					"uv": [8.625, 2.25, 8.375, 2],
					"texture": "#1"
				},
				"down": {
					"uv": [8.625, 2.375, 8.375, 2.625],
					"texture": "#1"
				}
			}
		},
		{
			"from": [-0.01, 12.45286, -1.52515],
			"to": [16.01, 14.49786, 3.49485],
			"rotation": {
				"angle": 0,
				"axis": "y",
				"origin": [0, 14.46286, -3.01515]
			},
			"faces": {
				"north": {
					"uv": [6, 3.125, 8, 3.25],
					"texture": "#1"
				},
				"east": {
					"uv": [3, 4.125, 3.625, 4.25],
					"texture": "#1"
				},
				"south": {
					"uv": [6, 3.25, 8, 3.375],
					"texture": "#1"
				},
				"west": {
					"uv": [7.625, 6.875, 8.25, 7],
					"texture": "#1"
				},
				"up": {
					"uv": [2, 3.125, 0, 2.5],
					"texture": "#1"
				},
				"down": {
					"uv": [4, 3, 2, 3.625],
					"texture": "#1"
				}
			}
		},
		{
			"from": [16, 13.46286, -1.51515],
			"to": [18, 15.46286, 3.48485],
			"rotation": {
				"angle": 0,
				"axis": "y",
				"origin": [17, 13.46286, 0.98485]
			},
			"faces": {
				"north": {
					"uv": [8.375, 2.625, 8.625, 2.875],
					"texture": "#1"
				},
				"east": {
					"uv": [4, 7.125, 4.625, 7.375],
					"texture": "#1"
				},
				"south": {
					"uv": [8.375, 2.875, 8.625, 3.125],
					"texture": "#1"
				},
				"west": {
					"uv": [7.25, 1.125, 7.875, 1.375],
					"texture": "#1"
				},
				"up": {
					"uv": [4.875, 7.75, 4.625, 7.125],
					"texture": "#1"
				},
				"down": {
					"uv": [7.5, 1.375, 7.25, 2],
					"texture": "#1"
				}
			}
		},
		{
			"from": [11, 13.46286, -1.51515],
			"to": [13, 15.46286, 3.48485],
			"rotation": {
				"angle": 0,
				"axis": "y",
				"origin": [12, 13.46286, 0.98485]
			},
			"faces": {
				"north": {
					"uv": [8.375, 3.125, 8.625, 3.375],
					"texture": "#1"
				},
				"east": {
					"uv": [7.25, 2, 7.875, 2.25],
					"texture": "#1"
				},
				"south": {
					"uv": [8.375, 3.75, 8.625, 4],
					"texture": "#1"
				},
				"west": {
					"uv": [7.25, 3.5, 7.875, 3.75],
					"texture": "#1"
				},
				"up": {
					"uv": [5.5, 7.875, 5.25, 7.25],
					"texture": "#1"
				},
				"down": {
					"uv": [5.75, 7.25, 5.5, 7.875],
					"texture": "#1"
				}
			}
		},
		{
			"from": [3, 13.46286, -1.51515],
			"to": [5, 15.46286, 3.48485],
			"rotation": {
				"angle": 0,
				"axis": "y",
				"origin": [4, 13.46286, 0.98485]
			},
			"faces": {
				"north": {
					"uv": [4, 8.375, 4.25, 8.625],
					"texture": "#1"
				},
				"east": {
					"uv": [7.25, 3.75, 7.875, 4],
					"texture": "#1"
				},
				"south": {
					"uv": [8.375, 4, 8.625, 4.25],
					"texture": "#1"
				},
				"west": {
					"uv": [7.25, 4, 7.875, 4.25],
					"texture": "#1"
				},
				"up": {
					"uv": [6, 7.875, 5.75, 7.25],
					"texture": "#1"
				},
				"down": {
					"uv": [7.5, 5.875, 7.25, 6.5],
					"texture": "#1"
				}
			}
		},
		{
			"from": [15.99, 11.20286, -5.27515],
			"to": [18.01, 16.22286, -3.25515],
			"rotation": {
				"angle": 45,
				"axis": "x",
				"origin": [18, 11.21286, -4.26515]
			},
			"faces": {
				"north": {
					"uv": [6, 7.25, 6.25, 7.875],
					"texture": "#1"
				},
				"east": {
					"uv": [6.25, 7.25, 6.5, 7.875],
					"texture": "#1"
				},
				"south": {
					"uv": [6.75, 7.25, 7, 7.875],
					"texture": "#1"
				},
				"west": {
					"uv": [7, 7.25, 7.25, 7.875],
					"texture": "#1"
				},
				"up": {
					"uv": [4.5, 8.625, 4.25, 8.375],
					"texture": "#1"
				},
				"down": {
					"uv": [8.625, 5, 8.375, 5.25],
					"texture": "#1"
				}
			}
		},
		{
			"from": [0, 9.21286, -3.26515],
			"to": [16, 10.23786, 0.23485],
			"rotation": {
				"angle": -45,
				"axis": "x",
				"origin": [0, 10.21286, -5.76515]
			},
			"faces": {
				"north": {
					"uv": [6, 3.375, 8, 3.5],
					"texture": "#1"
				},
				"east": {
					"uv": [8.25, 6.25, 8.75, 6.375],
					"texture": "#1"
				},
				"south": {
					"uv": [5, 6, 7, 6.125],
					"texture": "#1"
				},
				"west": {
					"uv": [5.25, 8.375, 5.75, 8.5],
					"texture": "#1"
				},
				"up": {
					"uv": [4, 4.125, 2, 3.625],
					"texture": "#1"
				},
				"down": {
					"uv": [6, 3, 4, 3.5],
					"texture": "#1"
				}
			}
		},
		{
			"from": [10.99, 11.20286, -5.27515],
			"to": [13.01, 16.22286, -3.25515],
			"rotation": {
				"angle": 45,
				"axis": "x",
				"origin": [13, 11.21286, -4.26515]
			},
			"faces": {
				"north": {
					"uv": [7.25, 7.25, 7.5, 7.875],
					"texture": "#1"
				},
				"east": {
					"uv": [0.5, 7.375, 0.75, 8],
					"texture": "#1"
				},
				"south": {
					"uv": [0.75, 7.375, 1, 8],
					"texture": "#1"
				},
				"west": {
					"uv": [2.25, 7.375, 2.5, 8],
					"texture": "#1"
				},
				"up": {
					"uv": [8.625, 5.5, 8.375, 5.25],
					"texture": "#1"
				},
				"down": {
					"uv": [6, 8.375, 5.75, 8.625],
					"texture": "#1"
				}
			}
		},
		{
			"from": [2.99, 11.20286, -5.27515],
			"to": [5.01, 16.22286, -3.25515],
			"rotation": {
				"angle": 45,
				"axis": "x",
				"origin": [5, 11.21286, -4.26515]
			},
			"faces": {
				"north": {
					"uv": [2.5, 7.375, 2.75, 8],
					"texture": "#1"
				},
				"east": {
					"uv": [2.75, 7.375, 3, 8],
					"texture": "#1"
				},
				"south": {
					"uv": [3, 7.375, 3.25, 8],
					"texture": "#1"
				},
				"west": {
					"uv": [3.25, 7.375, 3.5, 8],
					"texture": "#1"
				},
				"up": {
					"uv": [6.25, 8.625, 6, 8.375],
					"texture": "#1"
				},
				"down": {
					"uv": [6.5, 8.375, 6.25, 8.625],
					"texture": "#1"
				}
			}
		},
		{
			"from": [3, 7.96286, -5.01515],
			"to": [5, 11.96286, -3.01515],
			"rotation": {
				"angle": 0,
				"axis": "y",
				"origin": [5, 7.96286, -4.01515]
			},
			"faces": {
				"north": {
					"uv": [7, 7.875, 7.25, 8.375],
					"texture": "#1"
				},
				"east": {
					"uv": [7.25, 7.875, 7.5, 8.375],
					"texture": "#1"
				},
				"south": {
					"uv": [0, 8, 0.25, 8.5],
					"texture": "#1"
				},
				"west": {
					"uv": [8, 0, 8.25, 0.5],
					"texture": "#1"
				},
				"up": {
					"uv": [8.625, 6.625, 8.375, 6.375],
					"texture": "#1"
				},
				"down": {
					"uv": [7, 8.375, 6.75, 8.625],
					"texture": "#1"
				}
			}
		},
		{
			"from": [-0.01, 8.95286, -4.02515],
			"to": [16.01, 11.97286, -3.00515],
			"rotation": {
				"angle": 0,
				"axis": "y",
				"origin": [9, 9.46286, -4.01515]
			},
			"faces": {
				"north": {
					"uv": [4.25, 0.75, 6.25, 1.125],
					"texture": "#1"
				},
				"east": {
					"uv": [4.5, 8.375, 4.625, 8.75],
					"texture": "#1"
				},
				"south": {
					"uv": [4.25, 1.125, 6.25, 1.5],
					"texture": "#1"
				},
				"west": {
					"uv": [1.875, 8.5, 2, 8.875],
					"texture": "#1"
				},
				"up": {
					"uv": [8, 5.875, 6, 5.75],
					"texture": "#1"
				},
				"down": {
					"uv": [7, 6.125, 5, 6.25],
					"texture": "#1"
				}
			}
		},
		{
			"from": [11, 7.96286, -5.01515],
			"to": [13, 11.96286, -3.01515],
			"rotation": {
				"angle": 0,
				"axis": "y",
				"origin": [13, 7.96286, -4.01515]
			},
			"faces": {
				"north": {
					"uv": [0.25, 8, 0.5, 8.5],
					"texture": "#1"
				},
				"east": {
					"uv": [0.5, 8, 0.75, 8.5],
					"texture": "#1"
				},
				"south": {
					"uv": [0.75, 8, 1, 8.5],
					"texture": "#1"
				},
				"west": {
					"uv": [8, 1.125, 8.25, 1.625],
					"texture": "#1"
				},
				"up": {
					"uv": [7.25, 8.625, 7, 8.375],
					"texture": "#1"
				},
				"down": {
					"uv": [7.5, 8.375, 7.25, 8.625],
					"texture": "#1"
				}
			}
		},
		{
			"from": [16, 7.96286, -5.01515],
			"to": [18, 11.96286, -3.01515],
			"rotation": {
				"angle": 0,
				"axis": "y",
				"origin": [18, 7.96286, -4.01515]
			},
			"faces": {
				"north": {
					"uv": [1.5, 8, 1.75, 8.5],
					"texture": "#1"
				},
				"east": {
					"uv": [8, 1.625, 8.25, 2.125],
					"texture": "#1"
				},
				"south": {
					"uv": [1.75, 8, 2, 8.5],
					"texture": "#1"
				},
				"west": {
					"uv": [2.25, 8, 2.5, 8.5],
					"texture": "#1"
				},
				"up": {
					"uv": [0.25, 8.75, 0, 8.5],
					"texture": "#1"
				},
				"down": {
					"uv": [0.5, 8.5, 0.25, 8.75],
					"texture": "#1"
				}
			}
		},
		{
			"from": [-3.001, 7.96186, -6.01615],
			"to": [19.001, 8.96386, -4.01415],
			"rotation": {
				"angle": 0,
				"axis": "y",
				"origin": [3, 7.96286, -3.01515]
			},
			"faces": {
				"north": {
					"uv": [4.75, 5.375, 7.5, 5.5],
					"texture": "#1"
				},
				"east": {
					"uv": [8.5, 7.375, 8.75, 7.5],
					"texture": "#1"
				},
				"south": {
					"uv": [0, 5.5, 2.75, 5.625],
					"texture": "#1"
				},
				"west": {
					"uv": [7.5, 8.5, 7.75, 8.625],
					"texture": "#1"
				},
				"up": {
					"uv": [7, 2.75, 4.25, 2.5],
					"texture": "#1"
				},
				"down": {
					"uv": [7, 2.75, 4.25, 3],
					"texture": "#1"
				}
			}
		},
		{
			"from": [17, 7.96286, -4.01515],
			"to": [19, 8.96286, 5.98485],
			"rotation": {
				"angle": 0,
				"axis": "y",
				"origin": [18, 7.96286, 0.98485]
			},
			"faces": {
				"north": {
					"uv": [8.5, 7.5, 8.75, 7.625],
					"texture": "#1"
				},
				"east": {
					"uv": [7, 2.875, 8.25, 3],
					"texture": "#1"
				},
				"south": {
					"uv": [8.5, 7.625, 8.75, 7.75],
					"texture": "#1"
				},
				"west": {
					"uv": [7.25, 2.25, 8.5, 2.375],
					"texture": "#1"
				},
				"up": {
					"uv": [1.25, 6.875, 1, 5.625],
					"texture": "#1"
				},
				"down": {
					"uv": [1.5, 5.625, 1.25, 6.875],
					"texture": "#1"
				}
			}
		},
		{
			"from": [16, 8.96286, -3.01515],
			"to": [17, 13.88786, 4.98485],
			"rotation": {
				"angle": 0,
				"axis": "y",
				"origin": [25, 9.46286, -2.01515]
			},
			"faces": {
				"north": {
					"uv": [2.75, 8.25, 2.875, 8.875],
					"texture": "#1"
				},
				"east": {
					"uv": [0, 4.875, 1, 5.5],
					"texture": "#1"
				},
				"south": {
					"uv": [8.25, 2.75, 8.375, 3.375],
					"texture": "#1"
				},
				"west": {
					"uv": [1, 4.875, 2, 5.5],
					"texture": "#1"
				},
				"up": {
					"uv": [2.625, 9, 2.5, 8],
					"texture": "#1"
				},
				"down": {
					"uv": [2.75, 8, 2.625, 9],
					"texture": "#1"
				}
			}
		},
		{
			"from": [-3, 7.96286, -4.01515],
			"to": [-1, 8.96286, 5.98485],
			"rotation": {
				"angle": 0,
				"axis": "y",
				"origin": [-2, 7.96286, 0.98485]
			},
			"faces": {
				"north": {
					"uv": [7.75, 8.5, 8, 8.625],
					"texture": "#1"
				},
				"east": {
					"uv": [7.375, 7, 8.625, 7.125],
					"texture": "#1"
				},
				"south": {
					"uv": [8.5, 7.75, 8.75, 7.875],
					"texture": "#1"
				},
				"west": {
					"uv": [7.375, 7.125, 8.625, 7.25],
					"texture": "#1"
				},
				"up": {
					"uv": [1.75, 6.875, 1.5, 5.625],
					"texture": "#1"
				},
				"down": {
					"uv": [2, 5.625, 1.75, 6.875],
					"texture": "#1"
				}
			}
		},
		{
			"from": [-3.001, 7.96186, 5.98385],
			"to": [19.001, 8.96386, 7.98585],
			"rotation": {
				"angle": 0,
				"axis": "y",
				"origin": [3, 7.96286, 7.98485]
			},
			"faces": {
				"north": {
					"uv": [2.75, 5.5, 5.5, 5.625],
					"texture": "#1"
				},
				"east": {
					"uv": [8.5, 7.875, 8.75, 8],
					"texture": "#1"
				},
				"south": {
					"uv": [5.5, 5.5, 8.25, 5.625],
					"texture": "#1"
				},
				"west": {
					"uv": [8.5, 8, 8.75, 8.125],
					"texture": "#1"
				},
				"up": {
					"uv": [5.75, 4.5, 3, 4.25],
					"texture": "#1"
				},
				"down": {
					"uv": [5.75, 4.5, 3, 4.75],
					"texture": "#1"
				}
			}
		},
		{
			"from": [6, 6.96286, -7.01515],
			"to": [10, 8.96286, -6.01515],
			"rotation": {
				"angle": 0,
				"axis": "y",
				"origin": [3, 7.96286, -5.01515]
			},
			"faces": {
				"north": {
					"uv": [7.875, 4, 8.375, 4.25],
					"texture": "#1"
				},
				"east": {
					"uv": [8.5, 8.125, 8.625, 8.375],
					"texture": "#1"
				},
				"south": {
					"uv": [2.75, 8, 3.25, 8.25],
					"texture": "#1"
				},
				"west": {
					"uv": [8.25, 8.5, 8.375, 8.75],
					"texture": "#1"
				},
				"up": {
					"uv": [8.875, 6.75, 8.375, 6.625],
					"texture": "#1"
				},
				"down": {
					"uv": [1, 8.5, 0.5, 8.625],
					"texture": "#1"
				}
			}
		},
		{
			"from": [7.5, 6.96286, -8.01515],
			"to": [8.5, 8.96286, -7.01515],
			"rotation": {
				"angle": 0,
				"axis": "y",
				"origin": [3, 7.96286, -6.01515]
			},
			"faces": {
				"north": {
					"uv": [8.375, 8.5, 8.5, 8.75],
					"texture": "#1"
				},
				"east": {
					"uv": [8.5, 8.375, 8.625, 8.625],
					"texture": "#1"
				},
				"south": {
					"uv": [8.625, 0, 8.75, 0.25],
					"texture": "#1"
				},
				"west": {
					"uv": [8.625, 0.25, 8.75, 0.5],
					"texture": "#1"
				},
				"up": {
					"uv": [8.25, 6.875, 8.125, 6.75],
					"texture": "#1"
				},
				"down": {
					"uv": [0.75, 8.625, 0.625, 8.75],
					"texture": "#1"
				}
			}
		}
	]
}