{
	"textures": {
		"0": "minecraft:custom/skins/gray_nemesis",
		"particle": "minecraft:item/pufferfish"
	},
	"display": {
		"head": {
			"rotation": [0, 180, 0]
		}
	},
	"elements": [
		{
			"from": [4.08163, -3.7551, 6.04082],
			"to": [11.91837, 8, 9.95918],
			"faces": {
				"north": {
					"uv": [5, 5, 7, 8],
					"texture": "#0"
				},
				"east": {
					"uv": [4, 5, 5, 8],
					"texture": "#0"
				},
				"south": {
					"uv": [8, 5, 10, 8],
					"texture": "#0"
				},
				"west": {
					"uv": [7, 5, 8, 8],
					"texture": "#0"
				},
				"up": {
					"uv": [7, 5, 5, 4],
					"texture": "#0"
				},
				"down": {
					"uv": [9, 4, 7, 5],
					"texture": "#0"
				}
			}
		},
		{
			"from": [3.83673, -4, 5.79592],
			"to": [12.16327, 8.2449, 10.20408],
			"faces": {
				"north": {
					"uv": [5, 9, 7, 12],
					"texture": "#0"
				},
				"east": {
					"uv": [4, 9, 5, 12],
					"texture": "#0"
				},
				"south": {
					"uv": [8, 9, 10, 12],
					"texture": "#0"
				},
				"west": {
					"uv": [7, 9, 8, 12],
					"texture": "#0"
				},
				"up": {
					"uv": [7, 9, 5, 8],
					"texture": "#0"
				},
				"down": {
					"uv": [9, 8, 7, 9],
					"texture": "#0"
				}
			}
		},
		{
			"from": [7.65714, -15.7551, 5.79592],
			"to": [12.06531, -3.5102, 10.20408],
			"faces": {
				"north": {
					"uv": [1, 9, 2, 12],
					"texture": "#0"
				},
				"east": {
					"uv": [0, 9, 1, 12],
					"texture": "#0"
				},
				"south": {
					"uv": [3, 9, 4, 12],
					"texture": "#0"
				},
				"west": {
					"uv": [2, 9, 3, 12],
					"texture": "#0"
				},
				"up": {
					"uv": [2, 9, 1, 8],
					"texture": "#0"
				},
				"down": {
					"uv": [3, 8, 2, 9],
					"texture": "#0"
				}
			}
		},
		{
			"from": [7.90204, -15.5102, 6.04082],
			"to": [11.82041, -3.7551, 9.95918],
			"faces": {
				"north": {
					"uv": [1, 5, 2, 8],
					"texture": "#0"
				},
				"east": {
					"uv": [0, 5, 1, 8],
					"texture": "#0"
				},
				"south": {
					"uv": [3, 5, 4, 8],
					"texture": "#0"
				},
				"west": {
					"uv": [2, 5, 3, 8],
					"texture": "#0"
				},
				"up": {
					"uv": [2, 5, 1, 4],
					"texture": "#0"
				},
				"down": {
					"uv": [3, 4, 2, 5],
					"texture": "#0"
				}
			}
		},
		{
			"from": [3.93469, -15.7551, 5.79592],
			"to": [8.34286, -3.5102, 10.20408],
			"faces": {
				"north": {
					"uv": [1, 13, 2, 16],
					"texture": "#0"
				},
				"east": {
					"uv": [0, 13, 1, 16],
					"texture": "#0"
				},
				"south": {
					"uv": [3, 13, 4, 16],
					"texture": "#0"
				},
				"west": {
					"uv": [2, 13, 3, 16],
					"texture": "#0"
				},
				"up": {
					"uv": [2, 13, 1, 12],
					"texture": "#0"
				},
				"down": {
					"uv": [3, 12, 2, 13],
					"texture": "#0"
				}
			}
		},
		{
			"from": [4.17959, -15.5102, 6.04082],
			"to": [8.09796, -3.7551, 9.95918],
			"faces": {
				"north": {
					"uv": [5, 13, 6, 16],
					"texture": "#0"
				},
				"east": {
					"uv": [4, 13, 5, 16],
					"texture": "#0"
				},
				"south": {
					"uv": [7, 13, 8, 16],
					"texture": "#0"
				},
				"west": {
					"uv": [6, 13, 7, 16],
					"texture": "#0"
				},
				"up": {
					"uv": [6, 13, 5, 12],
					"texture": "#0"
				},
				"down": {
					"uv": [7, 12, 6, 13],
					"texture": "#0"
				}
			}
		}
	]
}