{
	"textures": {
		"0": "animated_java:blueprint/pot2/pot",
		"particle": "minecraft:item/pufferfish"
	},
	"display": {
		"head": {
			"rotation": [0, 180, 0]
		}
	},
	"elements": [
		{
			"from": [11, 4.83333, 2],
			"to": [13, 5.83333, 4],
			"rotation": {
				"angle": -22.5,
				"axis": "y",
				"origin": [12, 4.33333, 3]
			},
			"faces": {
				"north": {
					"uv": [9, 5.5, 10, 6],
					"texture": "#0"
				},
				"east": {
					"uv": [6, 9, 7, 9.5],
					"texture": "#0"
				},
				"south": {
					"uv": [9, 6, 10, 6.5],
					"texture": "#0"
				},
				"west": {
					"uv": [9, 6.5, 10, 7],
					"texture": "#0"
				},
				"up": {
					"uv": [10, 1, 9, 0],
					"texture": "#0"
				},
				"down": {
					"uv": [10, 2, 9, 3],
					"texture": "#0"
				}
			}
		},
		{
			"from": [10, -0.16667, 1],
			"to": [14, 4.83333, 5],
			"rotation": {
				"angle": -22.5,
				"axis": "y",
				"origin": [12, 4.33333, 3]
			},
			"faces": {
				"north": {
					"uv": [0.1, 1.5, 2.1, 4],
					"texture": "#0"
				},
				"east": {
					"uv": [3, 1.5, 5, 4],
					"texture": "#0"
				},
				"south": {
					"uv": [0.1, 6, 2.1, 8.5],
					"texture": "#0"
				},
				"west": {
					"uv": [3.05, 6, 5.05, 8.5],
					"texture": "#0"
				},
				"up": {
					"uv": [9, 9, 6, 6],
					"texture": "#0"
				},
				"down": {
					"uv": [3, 9, 0, 12],
					"texture": "#0"
				}
			}
		},
		{
			"from": [10, 5.83333, 1],
			"to": [14, 6.83333, 5],
			"rotation": {
				"angle": -22.5,
				"axis": "y",
				"origin": [12, 4.33333, 3]
			},
			"faces": {
				"north": {
					"uv": [3, 9, 5, 9.5],
					"texture": "#0"
				},
				"east": {
					"uv": [9, 4, 11, 4.5],
					"texture": "#0"
				},
				"south": {
					"uv": [9, 4.5, 11, 5],
					"texture": "#0"
				},
				"west": {
					"uv": [9, 5, 11, 5.5],
					"texture": "#0"
				},
				"up": {
					"uv": [14, 2, 12, 0],
					"texture": "#0"
				},
				"down": {
					"uv": [14, 3, 12, 5],
					"texture": "#0"
				}
			}
		},
		{
			"from": [7, 0, 6],
			"to": [10, 4, 9],
			"rotation": {
				"angle": 22.5,
				"axis": "y",
				"origin": [8, 0, 7]
			},
			"faces": {
				"north": {
					"uv": [3, 4.5, 4.5, 6.5],
					"texture": "#0"
				},
				"east": {
					"uv": [3, 2.5, 4.5, 4.5],
					"texture": "#0"
				},
				"south": {
					"uv": [0, 0, 1.5, 2],
					"texture": "#0"
				},
				"west": {
					"uv": [0, 4.5, 1.5, 6.5],
					"texture": "#0"
				},
				"up": {
					"uv": [3.5, 0, 5, 1.5],
					"texture": "#0"
				},
				"down": {
					"uv": [3.5, 0, 5, 1.5],
					"texture": "#0"
				}
			}
		},
		{
			"from": [7, 4.5, 6],
			"to": [10, 5.5, 9],
			"rotation": {
				"angle": 22.5,
				"axis": "y",
				"origin": [8, 4.5, 7]
			},
			"faces": {
				"north": {
					"uv": [0, 0, 1.5, 0.5],
					"texture": "#0"
				},
				"east": {
					"uv": [3, 2.5, 4.5, 3],
					"texture": "#0"
				},
				"south": {
					"uv": [0, 0, 1.5, 0.5],
					"texture": "#0"
				},
				"west": {
					"uv": [0, 0, 1.5, 0.5],
					"texture": "#0"
				},
				"up": {
					"uv": [7, 1, 8.5, 2.5],
					"texture": "#0"
				},
				"down": {
					"uv": [0, 0, 1.5, 1.5],
					"texture": "#0"
				}
			}
		},
		{
			"from": [7.5, 3.5, 6.5],
			"to": [9.5, 4.5, 8.5],
			"rotation": {
				"angle": 22.5,
				"axis": "y",
				"origin": [8, 3.5, 7]
			},
			"faces": {
				"north": {
					"uv": [4.5, 0.5, 5.5, 1],
					"texture": "#0"
				},
				"east": {
					"uv": [3, 2.5, 4, 3],
					"texture": "#0"
				},
				"south": {
					"uv": [6.5, 5.5, 7.5, 6],
					"texture": "#0"
				},
				"west": {
					"uv": [1.5, 2.5, 2.5, 3],
					"texture": "#0"
				},
				"up": {
					"uv": [3, 1, 4, 2],
					"texture": "#0"
				},
				"down": {
					"uv": [4.5, 4.5, 5.5, 5.5],
					"texture": "#0"
				}
			}
		}
	]
}