{
	"format_version": "1.9.0",
	"credit": "Made with Blockbench",
	"texture_size": [64, 64],
	"textures": {
		"0": "custom/items/gui/item_column_1",
		"particle": "custom/items/gui/item_column_1"
	},
	"elements": [
		{
			"from": [-16, 0, 8],
			"to": [32, 16, 8],
			"faces": {
				"north": {"uv": [0, 0, 12, 4], "texture": "#0"},
				"east": {"uv": [0, 0, 0, 4], "texture": "#0"},
				"south": {"uv": [0, 4, 12, 8], "texture": "#0", "tintindex": 0},
				"west": {"uv": [0, 0, 0, 4], "texture": "#0"},
				"up": {"uv": [12, 0, 0, 0], "texture": "#0"},
				"down": {"uv": [12, 0, 0, 0], "texture": "#0"}
			}
		}
	],
	"gui_light": "front",
	"display": {
		"gui": {
			"translation": [18, -18, -2],
			"scale": [1.125, 1.125, 1.125]
		}
	}
}