{
	"textures": {
		"0": "animated_java:blueprint/blocked_door/door",
		"particle": "minecraft:item/pufferfish"
	},
	"display": {
		"head": {
			"rotation": [0, 180, 0]
		}
	},
	"elements": [
		{
			"from": [5.375, 16.625, 7.25],
			"to": [6.875, 17, 7.625],
			"rotation": {
				"angle": 0,
				"axis": "y",
				"origin": [14.375, 6.5, 7.25]
			},
			"faces": {
				"north": {
					"uv": [9, 7.75, 9.5, 7.875],
					"texture": "#0"
				},
				"east": {
					"uv": [9.25, 4.75, 9.375, 4.875],
					"texture": "#0"
				},
				"south": {
					"uv": [9, 7.875, 9.5, 8],
					"texture": "#0"
				},
				"west": {
					"uv": [9.25, 4.875, 9.375, 5],
					"texture": "#0"
				},
				"up": {
					"uv": [9.125, 9.125, 8.625, 9],
					"texture": "#0"
				},
				"down": {
					"uv": [9.625, 3.5, 9.125, 3.625],
					"texture": "#0"
				}
			}
		},
		{
			"from": [8, 8, 7.625],
			"to": [17, 32, 8.375],
			"faces": {
				"north": {
					"uv": [0, 0, 3, 8],
					"texture": "#0"
				},
				"east": {
					"uv": [3, 8, 3.25, 16],
					"texture": "#0"
				},
				"south": {
					"uv": [3, 0, 6, 8],
					"texture": "#0"
				},
				"west": {
					"uv": [3.25, 8, 3.5, 16],
					"texture": "#0"
				},
				"up": {
					"uv": [10, 8.25, 7, 8],
					"texture": "#0"
				},
				"down": {
					"uv": [10, 8.25, 7, 8.5],
					"texture": "#0"
				}
			}
		},
		{
			"from": [16.25, 8, 7.25],
			"to": [17, 32, 7.625],
			"rotation": {
				"angle": 0,
				"axis": "y",
				"origin": [8, 8, 7.25]
			},
			"faces": {
				"north": {
					"uv": [3.5, 8, 3.75, 16],
					"texture": "#0"
				},
				"east": {
					"uv": [6, 8, 6.125, 16],
					"texture": "#0"
				},
				"south": {
					"uv": [3.75, 8, 4, 16],
					"texture": "#0"
				},
				"west": {
					"uv": [6.125, 8, 6.25, 16],
					"texture": "#0"
				},
				"up": {
					"uv": [9.375, 5.25, 9.125, 5.125],
					"texture": "#0"
				},
				"down": {
					"uv": [9.375, 5.25, 9.125, 5.375],
					"texture": "#0"
				}
			}
		},
		{
			"from": [8, 8, 7.25],
			"to": [8.75, 32, 7.625],
			"rotation": {
				"angle": 0,
				"axis": "y",
				"origin": [-0.25, 8, 7.25]
			},
			"faces": {
				"north": {
					"uv": [4, 8, 4.25, 16],
					"texture": "#0"
				},
				"east": {
					"uv": [6.25, 8, 6.375, 16],
					"texture": "#0"
				},
				"south": {
					"uv": [4.25, 8, 4.5, 16],
					"texture": "#0"
				},
				"west": {
					"uv": [6.375, 8, 6.5, 16],
					"texture": "#0"
				},
				"up": {
					"uv": [9.375, 5.5, 9.125, 5.375],
					"texture": "#0"
				},
				"down": {
					"uv": [9.375, 6.5, 9.125, 6.625],
					"texture": "#0"
				}
			}
		},
		{
			"from": [8.75, 31.25, 7.25],
			"to": [16.25, 32, 7.625],
			"rotation": {
				"angle": 0,
				"axis": "y",
				"origin": [8, 8, 7.25]
			},
			"faces": {
				"north": {
					"uv": [9, 0, 11.5, 0.25],
					"texture": "#0"
				},
				"east": {
					"uv": [9.125, 6.625, 9.25, 6.875],
					"texture": "#0"
				},
				"south": {
					"uv": [9, 0.25, 11.5, 0.5],
					"texture": "#0"
				},
				"west": {
					"uv": [9.125, 6.875, 9.25, 7.125],
					"texture": "#0"
				},
				"up": {
					"uv": [11.5, 2.125, 9, 2],
					"texture": "#0"
				},
				"down": {
					"uv": [11.5, 2.125, 9, 2.25],
					"texture": "#0"
				}
			}
		},
		{
			"from": [8.75, 8, 7.25],
			"to": [16.25, 8.75, 7.625],
			"rotation": {
				"angle": 0,
				"axis": "y",
				"origin": [8, -15.25, 7.25]
			},
			"faces": {
				"north": {
					"uv": [9, 0.5, 11.5, 0.75],
					"texture": "#0"
				},
				"east": {
					"uv": [7.125, 9.125, 7.25, 9.375],
					"texture": "#0"
				},
				"south": {
					"uv": [9, 0.75, 11.5, 1],
					"texture": "#0"
				},
				"west": {
					"uv": [9.125, 7.125, 9.25, 7.375],
					"texture": "#0"
				},
				"up": {
					"uv": [11.5, 2.375, 9, 2.25],
					"texture": "#0"
				},
				"down": {
					"uv": [11.5, 2.375, 9, 2.5],
					"texture": "#0"
				}
			}
		},
		{
			"from": [9.125, 17, 7.25],
			"to": [9.5, 18.5, 7.625],
			"rotation": {
				"angle": 0,
				"axis": "y",
				"origin": [0.875, 6.875, 7.25]
			},
			"faces": {
				"north": {
					"uv": [9, 6, 9.125, 6.5],
					"texture": "#0"
				},
				"east": {
					"uv": [9, 6.5, 9.125, 7],
					"texture": "#0"
				},
				"south": {
					"uv": [7, 9, 7.125, 9.5],
					"texture": "#0"
				},
				"west": {
					"uv": [9, 7, 9.125, 7.5],
					"texture": "#0"
				},
				"up": {
					"uv": [9.375, 4.125, 9.25, 4],
					"texture": "#0"
				},
				"down": {
					"uv": [9.375, 4.125, 9.25, 4.25],
					"texture": "#0"
				}
			}
		},
		{
			"from": [10.25, 17, 7.25],
			"to": [10.625, 18.5, 7.625],
			"rotation": {
				"angle": 0,
				"axis": "y",
				"origin": [2, 6.875, 7.25]
			},
			"faces": {
				"north": {
					"uv": [9, 3.5, 9.125, 4],
					"texture": "#0"
				},
				"east": {
					"uv": [9, 4, 9.125, 4.5],
					"texture": "#0"
				},
				"south": {
					"uv": [9, 4.5, 9.125, 5],
					"texture": "#0"
				},
				"west": {
					"uv": [9, 5, 9.125, 5.5],
					"texture": "#0"
				},
				"up": {
					"uv": [9.25, 9.25, 9.125, 9.125],
					"texture": "#0"
				},
				"down": {
					"uv": [9.375, 3.625, 9.25, 3.75],
					"texture": "#0"
				}
			}
		},
		{
			"from": [9.125, 16.625, 7.25],
			"to": [10.625, 17, 7.625],
			"rotation": {
				"angle": 0,
				"axis": "y",
				"origin": [1.625, 6.5, 7.25]
			},
			"faces": {
				"north": {
					"uv": [9, 5.5, 9.5, 5.625],
					"texture": "#0"
				},
				"east": {
					"uv": [9.25, 3.75, 9.375, 3.875],
					"texture": "#0"
				},
				"south": {
					"uv": [9, 5.625, 9.5, 5.75],
					"texture": "#0"
				},
				"west": {
					"uv": [9.25, 3.875, 9.375, 4],
					"texture": "#0"
				},
				"up": {
					"uv": [9.5, 5.875, 9, 5.75],
					"texture": "#0"
				},
				"down": {
					"uv": [9.5, 5.875, 9, 6],
					"texture": "#0"
				}
			}
		},
		{
			"from": [9.125, 18.5, 7.25],
			"to": [10.625, 18.875, 7.625],
			"rotation": {
				"angle": 0,
				"axis": "y",
				"origin": [1.625, 8.375, 7.25]
			},
			"faces": {
				"north": {
					"uv": [9, 3, 9.5, 3.125],
					"texture": "#0"
				},
				"east": {
					"uv": [9, 9.125, 9.125, 9.25],
					"texture": "#0"
				},
				"south": {
					"uv": [9, 3.125, 9.5, 3.25],
					"texture": "#0"
				},
				"west": {
					"uv": [9.125, 9, 9.25, 9.125],
					"texture": "#0"
				},
				"up": {
					"uv": [9.5, 3.375, 9, 3.25],
					"texture": "#0"
				},
				"down": {
					"uv": [9.5, 3.375, 9, 3.5],
					"texture": "#0"
				}
			}
		},
		{
			"from": [-1, 8, 7.625],
			"to": [8, 32, 8.375],
			"faces": {
				"north": {
					"uv": [6, 0, 9, 8],
					"texture": "#0"
				},
				"east": {
					"uv": [4.5, 8, 4.75, 16],
					"texture": "#0"
				},
				"south": {
					"uv": [0, 8, 3, 16],
					"texture": "#0"
				},
				"west": {
					"uv": [4.75, 8, 5, 16],
					"texture": "#0"
				},
				"up": {
					"uv": [10, 8.75, 7, 8.5],
					"texture": "#0"
				},
				"down": {
					"uv": [10, 8.75, 7, 9],
					"texture": "#0"
				}
			}
		},
		{
			"from": [-1, 8, 7.25],
			"to": [-0.25, 32, 7.625],
			"rotation": {
				"angle": 0,
				"axis": "y",
				"origin": [8, 8, 7.25]
			},
			"faces": {
				"north": {
					"uv": [5, 8, 5.25, 16],
					"texture": "#0"
				},
				"east": {
					"uv": [6.5, 8, 6.625, 16],
					"texture": "#0"
				},
				"south": {
					"uv": [5.25, 8, 5.5, 16],
					"texture": "#0"
				},
				"west": {
					"uv": [6.625, 8, 6.75, 16],
					"texture": "#0"
				},
				"up": {
					"uv": [7.5, 9.25, 7.25, 9.125],
					"texture": "#0"
				},
				"down": {
					"uv": [9.375, 7.375, 9.125, 7.5],
					"texture": "#0"
				}
			}
		},
		{
			"from": [7.25, 8, 7.25],
			"to": [8, 32, 7.625],
			"rotation": {
				"angle": 0,
				"axis": "y",
				"origin": [16.25, 8, 7.25]
			},
			"faces": {
				"north": {
					"uv": [5.5, 8, 5.75, 16],
					"texture": "#0"
				},
				"east": {
					"uv": [6.75, 8, 6.875, 16],
					"texture": "#0"
				},
				"south": {
					"uv": [5.75, 8, 6, 16],
					"texture": "#0"
				},
				"west": {
					"uv": [6.875, 8, 7, 16],
					"texture": "#0"
				},
				"up": {
					"uv": [7.75, 9.25, 7.5, 9.125],
					"texture": "#0"
				},
				"down": {
					"uv": [8, 9.125, 7.75, 9.25],
					"texture": "#0"
				}
			}
		},
		{
			"from": [-0.25, 31.25, 7.25],
			"to": [7.25, 32, 7.625],
			"rotation": {
				"angle": 0,
				"axis": "y",
				"origin": [8, 8, 7.25]
			},
			"faces": {
				"north": {
					"uv": [9, 1, 11.5, 1.25],
					"texture": "#0"
				},
				"east": {
					"uv": [8, 9.125, 8.125, 9.375],
					"texture": "#0"
				},
				"south": {
					"uv": [9, 1.25, 11.5, 1.5],
					"texture": "#0"
				},
				"west": {
					"uv": [8.625, 9.125, 8.75, 9.375],
					"texture": "#0"
				},
				"up": {
					"uv": [11.5, 2.625, 9, 2.5],
					"texture": "#0"
				},
				"down": {
					"uv": [11.5, 2.625, 9, 2.75],
					"texture": "#0"
				}
			}
		},
		{
			"from": [-0.25, 8, 7.25],
			"to": [7.25, 8.75, 7.625],
			"rotation": {
				"angle": 0,
				"axis": "y",
				"origin": [8, -15.25, 7.25]
			},
			"faces": {
				"north": {
					"uv": [9, 1.5, 11.5, 1.75],
					"texture": "#0"
				},
				"east": {
					"uv": [8.75, 9.125, 8.875, 9.375],
					"texture": "#0"
				},
				"south": {
					"uv": [9, 1.75, 11.5, 2],
					"texture": "#0"
				},
				"west": {
					"uv": [8.875, 9.125, 9, 9.375],
					"texture": "#0"
				},
				"up": {
					"uv": [11.5, 2.875, 9, 2.75],
					"texture": "#0"
				},
				"down": {
					"uv": [11.5, 2.875, 9, 3],
					"texture": "#0"
				}
			}
		},
		{
			"from": [5.375, 18.5, 7.25],
			"to": [6.875, 18.875, 7.625],
			"rotation": {
				"angle": 0,
				"axis": "y",
				"origin": [14.375, 8.375, 7.25]
			},
			"faces": {
				"north": {
					"uv": [7.125, 9, 7.625, 9.125],
					"texture": "#0"
				},
				"east": {
					"uv": [9.25, 4.25, 9.375, 4.375],
					"texture": "#0"
				},
				"south": {
					"uv": [9, 7.5, 9.5, 7.625],
					"texture": "#0"
				},
				"west": {
					"uv": [9.25, 4.375, 9.375, 4.5],
					"texture": "#0"
				},
				"up": {
					"uv": [8.125, 9.125, 7.625, 9],
					"texture": "#0"
				},
				"down": {
					"uv": [9.5, 7.625, 9, 7.75],
					"texture": "#0"
				}
			}
		},
		{
			"from": [5.375, 17, 7.25],
			"to": [5.75, 18.5, 7.625],
			"rotation": {
				"angle": 0,
				"axis": "y",
				"origin": [14, 6.875, 7.25]
			},
			"faces": {
				"north": {
					"uv": [8.125, 9, 8.25, 9.5],
					"texture": "#0"
				},
				"east": {
					"uv": [8.25, 9, 8.375, 9.5],
					"texture": "#0"
				},
				"south": {
					"uv": [8.375, 9, 8.5, 9.5],
					"texture": "#0"
				},
				"west": {
					"uv": [8.5, 9, 8.625, 9.5],
					"texture": "#0"
				},
				"up": {
					"uv": [9.375, 4.625, 9.25, 4.5],
					"texture": "#0"
				},
				"down": {
					"uv": [9.375, 4.625, 9.25, 4.75],
					"texture": "#0"
				}
			}
		},
		{
			"from": [6.5, 17, 7.25],
			"to": [6.875, 18.5, 7.625],
			"rotation": {
				"angle": 0,
				"axis": "y",
				"origin": [15.125, 6.875, 7.25]
			},
			"faces": {
				"north": {
					"uv": [9.125, 3.625, 9.25, 4.125],
					"texture": "#0"
				},
				"east": {
					"uv": [9.125, 4.125, 9.25, 4.625],
					"texture": "#0"
				},
				"south": {
					"uv": [9.125, 4.625, 9.25, 5.125],
					"texture": "#0"
				},
				"west": {
					"uv": [9.125, 6, 9.25, 6.5],
					"texture": "#0"
				},
				"up": {
					"uv": [9.375, 5.125, 9.25, 5],
					"texture": "#0"
				},
				"down": {
					"uv": [9.375, 6, 9.25, 6.125],
					"texture": "#0"
				}
			}
		},
		{
			"from": [-3.625, 12.5, 6.875],
			"to": [17.375, 15.875, 7.625],
			"rotation": {
				"angle": -22.5,
				"axis": "z",
				"origin": [7.25, 12.5, 7.25]
			},
			"faces": {
				"north": {
					"uv": [3, 0.5, 6, 1],
					"texture": "#0"
				},
				"east": {
					"uv": [3, 0.375, 4.125, 0.625],
					"rotation": 90,
					"texture": "#0"
				},
				"south": {
					"uv": [3, 0.5, 6, 1],
					"texture": "#0"
				},
				"west": {
					"uv": [3, 0.375, 4.125, 0.625],
					"rotation": 90,
					"texture": "#0"
				},
				"up": {
					"uv": [3, 0.375, 6, 0.5],
					"texture": "#0"
				},
				"down": {
					"uv": [3, 0.375, 6, 0.5],
					"texture": "#0"
				}
			}
		},
		{
			"from": [-1.75, 20.375, 6.5],
			"to": [19.25, 23.75, 7.25],
			"rotation": {
				"angle": 22.5,
				"axis": "z",
				"origin": [9.125, 20.375, 6.875]
			},
			"faces": {
				"north": {
					"uv": [3, 0.5, 6, 1],
					"texture": "#0"
				},
				"east": {
					"uv": [3, 0.375, 4.125, 0.625],
					"rotation": 90,
					"texture": "#0"
				},
				"south": {
					"uv": [3, 0.5, 6, 1],
					"texture": "#0"
				},
				"west": {
					"uv": [3, 0.375, 4.125, 0.625],
					"rotation": 90,
					"texture": "#0"
				},
				"up": {
					"uv": [3, 0.375, 6, 0.5],
					"texture": "#0"
				},
				"down": {
					"uv": [3, 0.375, 6, 0.5],
					"texture": "#0"
				}
			}
		},
		{
			"from": [-2.875, 24.125, 6.875],
			"to": [18.125, 27.5, 7.625],
			"rotation": {
				"angle": -22.5,
				"axis": "z",
				"origin": [8, 24.125, 7.25]
			},
			"faces": {
				"north": {
					"uv": [3, 0.5, 6, 1],
					"texture": "#0"
				},
				"east": {
					"uv": [3, 0.375, 4.125, 0.625],
					"rotation": 90,
					"texture": "#0"
				},
				"south": {
					"uv": [3, 0.5, 6, 1],
					"texture": "#0"
				},
				"west": {
					"uv": [3, 0.375, 4.125, 0.625],
					"rotation": 90,
					"texture": "#0"
				},
				"up": {
					"uv": [3, 0.375, 6, 0.5],
					"texture": "#0"
				},
				"down": {
					"uv": [3, 0.375, 6, 0.5],
					"texture": "#0"
				}
			}
		},
		{
			"from": [-0.625, 17.375, 6.125],
			"to": [0.125, 18.125, 6.5],
			"rotation": {
				"angle": 0,
				"axis": "y",
				"origin": [8.375, 5.75, 6.125]
			},
			"faces": {
				"north": {
					"uv": [5, 8, 5.25, 8.25],
					"texture": "#0"
				},
				"east": {
					"uv": [6.5, 8, 6.625, 8.25],
					"texture": "#0"
				},
				"south": {
					"uv": [5.25, 8, 5.5, 8.25],
					"texture": "#0"
				},
				"west": {
					"uv": [6.625, 8, 6.75, 8.25],
					"texture": "#0"
				},
				"up": {
					"uv": [7.5, 9.25, 7.25, 9.125],
					"texture": "#0"
				},
				"down": {
					"uv": [9.375, 7.375, 9.125, 7.5],
					"texture": "#0"
				}
			}
		},
		{
			"from": [15.875, 22.25, 6.5],
			"to": [16.625, 23, 6.875],
			"rotation": {
				"angle": -45,
				"axis": "z",
				"origin": [16.25, 22.625, 6.6875]
			},
			"faces": {
				"north": {
					"uv": [5, 8, 5.25, 8.25],
					"texture": "#0"
				},
				"east": {
					"uv": [6.5, 8, 6.625, 8.25],
					"texture": "#0"
				},
				"south": {
					"uv": [5.25, 8, 5.5, 8.25],
					"texture": "#0"
				},
				"west": {
					"uv": [6.625, 8, 6.75, 8.25],
					"texture": "#0"
				},
				"up": {
					"uv": [7.5, 9.25, 7.25, 9.125],
					"texture": "#0"
				},
				"down": {
					"uv": [9.375, 7.375, 9.125, 7.5],
					"texture": "#0"
				}
			}
		},
		{
			"from": [15.875, 24.875, 6.125],
			"to": [16.625, 25.625, 6.5],
			"rotation": {
				"angle": 0,
				"axis": "y",
				"origin": [24.875, 13.25, 5.75]
			},
			"faces": {
				"north": {
					"uv": [5, 8, 5.25, 8.25],
					"texture": "#0"
				},
				"east": {
					"uv": [6.5, 8, 6.625, 8.25],
					"texture": "#0"
				},
				"south": {
					"uv": [5.25, 8, 5.5, 8.25],
					"texture": "#0"
				},
				"west": {
					"uv": [6.625, 8, 6.75, 8.25],
					"texture": "#0"
				},
				"up": {
					"uv": [7.5, 9.25, 7.25, 9.125],
					"texture": "#0"
				},
				"down": {
					"uv": [9.375, 7.375, 9.125, 7.5],
					"texture": "#0"
				}
			}
		},
		{
			"from": [15.125, 10.25, 6.5],
			"to": [15.875, 11, 6.875],
			"rotation": {
				"angle": 22.5,
				"axis": "z",
				"origin": [15.5, 10.625, 6.6875]
			},
			"faces": {
				"north": {
					"uv": [5, 8, 5.25, 8.25],
					"texture": "#0"
				},
				"east": {
					"uv": [6.5, 8, 6.625, 8.25],
					"texture": "#0"
				},
				"south": {
					"uv": [5.25, 8, 5.5, 8.25],
					"texture": "#0"
				},
				"west": {
					"uv": [6.625, 8, 6.75, 8.25],
					"texture": "#0"
				},
				"up": {
					"uv": [7.5, 9.25, 7.25, 9.125],
					"texture": "#0"
				},
				"down": {
					"uv": [9.375, 7.375, 9.125, 7.5],
					"texture": "#0"
				}
			}
		},
		{
			"from": [-0.625, 28.625, 6.5],
			"to": [0.125, 29.375, 6.875],
			"rotation": {
				"angle": 22.5,
				"axis": "z",
				"origin": [-0.25, 29, 6.6875]
			},
			"faces": {
				"north": {
					"uv": [5, 8, 5.25, 8.25],
					"rotation": 90,
					"texture": "#0"
				},
				"east": {
					"uv": [9.375, 7.375, 9.125, 7.5],
					"rotation": 270,
					"texture": "#0"
				},
				"south": {
					"uv": [5.25, 8, 5.5, 8.25],
					"rotation": 270,
					"texture": "#0"
				},
				"west": {
					"uv": [7.5, 9.25, 7.25, 9.125],
					"rotation": 270,
					"texture": "#0"
				},
				"up": {
					"uv": [6.5, 8, 6.625, 8.25],
					"rotation": 270,
					"texture": "#0"
				},
				"down": {
					"uv": [6.625, 8, 6.75, 8.25],
					"rotation": 270,
					"texture": "#0"
				}
			}
		}
	]
}