{
    "providers": [
        {
            "type": "reference",
            "id": "minecraft:include/space"
        },
        
        {"type":"bitmap", "file":"custom/font/hud_text.png", "ascent":8, "height":8, "chars":[
            "1234",
            "5678",
            "90/?",
            "+-()"
        ]},

        {"type":"bitmap", "file":"custom/font/hud_sprites.png", "ascent":12, "height":16, "chars":[
            "abc",
            "def",
            "ghi"
        ]},

        {"type":"space", "advances":{"!":-1, "@": -17}}

    ]
}
